oid,collection_dt,longitude,latitude,address
46101334,20210814162933001,126.59572,33.489828,"번영로, 봉개동, 제주시, 제주특별자치도, 63327, 대한민국"
461000ec,20210814162933017,126.492056,33.495891,"다호길, 도두이동, 제주시, 제주특별자치도, 63115, 대한민국"
461002e3,20210814162933329,126.805983,33.374686,"번영로, 하천리, 서귀포시, 제주특별자치도, 63635, 대한민국"
46100734,20210814162933423,126.412179,33.251136,"중문관광로72번길, 서귀포시, 제주특별자치도, 63535, 대한민국"
46100734,20210814162933486,126.412179,33.251136,"중문관광로72번길, 서귀포시, 제주특별자치도, 63535, 대한민국"
46101369,20210814162933642,126.343492,33.304437,"한창로, 동광리, 서귀포시, 제주특별자치도, 63522, 대한민국"
461012cf,20210814162933704,126.493908,33.235567,"이어도로, 법환동, 서귀포시, 제주특별자치도, 63573, 대한민국"
46100283,20210814162933798,126.66035,33.469683,"번영로, 제주시, 제주특별자치도, 63343, 대한민국"
46100283,20210814162933814,126.66035,33.469683,"번영로, 제주시, 제주특별자치도, 63343, 대한민국"
461002d5,20210814162933908,126.483351,33.474287,"1100로, 노형동, 제주시, 제주특별자치도, 63087, 대한민국"
461006da,20210814162933939,126.201471,33.365585,"일주서로, 금등리, 제주시, 제주특별자치도, 63002, 대한민국"
461002db,20210814162933955,126.350897,33.356568,"월각로, 제주시, 제주특별자치도, 63038, 대한민국"
46101334,20210814162934017,126.595833,33.489756,"번영로, 봉개동, 제주시, 제주특별자치도, 63327, 대한민국"
461000ec,20210814162934033,126.492056,33.495891,"다호길, 도두이동, 제주시, 제주특별자치도, 63115, 대한민국"
46101334,20210814162934033,126.595833,33.489756,"번영로, 봉개동, 제주시, 제주특별자치도, 63327, 대한민국"
461002e3,20210814162934345,126.805873,33.374792,"번영로, 하천리, 서귀포시, 제주특별자치도, 63635, 대한민국"
46100fe4,20210814162934377,126.447089,33.269458,"보름숲, 255, 1100로, 회수동, 서귀포시, 제주특별자치도, 63551, 대한민국"
46100734,20210814162934455,126.412168,33.251115,"중문관광로72번길, 서귀포시, 제주특별자치도, 63535, 대한민국"
46100734,20210814162934533,126.412168,33.251115,"중문관광로72번길, 서귀포시, 제주특별자치도, 63535, 대한민국"
46101369,20210814162934658,126.343606,33.304234,"한창로, 동광리, 서귀포시, 제주특별자치도, 63522, 대한민국"
46100474,20210814162934673,126.511055,33.5147006,"용두암길, 용담일동, 제주시, 제주특별자치도, 63153, 대한민국"
461012cf,20210814162934705,126.493804,33.235555,"이어도로, 법환동, 서귀포시, 제주특별자치도, 63573, 대한민국"
46100283,20210814162934845,126.660515,33.46969,"번영로, 제주시, 제주특별자치도, 63343, 대한민국"
46100283,20210814162934861,126.660515,33.46969,"번영로, 제주시, 제주특별자치도, 63343, 대한민국"
461002d5,20210814162934924,126.483352,33.474287,"1100로, 노형동, 제주시, 제주특별자치도, 63087, 대한민국"
461006da,20210814162934955,126.201554,33.36564,"일주서로, 금등리, 제주시, 제주특별자치도, 63002, 대한민국"
461002db,20210814162934970,126.351028,33.35646,"월각로, 제주시, 제주특별자치도, 63038, 대한민국"
46101334,20210814162935033,126.595957,33.489679,"번영로, 봉개동, 제주시, 제주특별자치도, 63327, 대한민국"
461000ec,20210814162935049,126.492056,33.495891,"다호길, 도두이동, 제주시, 제주특별자치도, 63115, 대한민국"
46101334,20210814162935049,126.595957,33.489679,"번영로, 봉개동, 제주시, 제주특별자치도, 63327, 대한민국"
461002e3,20210814162935346,126.805753,33.37491,"번영로, 하천리, 서귀포시, 제주특별자치도, 63635, 대한민국"
46100734,20210814162935471,126.412158,33.251094,"중문관광로72번길, 서귀포시, 제주특별자치도, 63535, 대한민국"
46100734,20210814162935549,126.412158,33.251094,"중문관광로72번길, 서귀포시, 제주특별자치도, 63535, 대한민국"
46101369,20210814162935674,126.343696,33.304075,"한창로, 동광리, 서귀포시, 제주특별자치도, 63522, 대한민국"
461012cf,20210814162935736,126.4937,33.235541,"이어도로, 법환동, 서귀포시, 제주특별자치도, 63573, 대한민국"
46100283,20210814162935877,126.660665,33.469697,"번영로, 제주시, 제주특별자치도, 63343, 대한민국"
46100283,20210814162935893,126.660665,33.469697,"번영로, 제주시, 제주특별자치도, 63343, 대한민국"
461002d5,20210814162935924,126.483352,33.474287,"1100로, 노형동, 제주시, 제주특별자치도, 63087, 대한민국"
461002db,20210814162935986,126.35116,33.356349,"월각로, 제주시, 제주특별자치도, 63038, 대한민국"
461006da,20210814162935986,126.201656,33.36571,"일주서로, 금등리, 제주시, 제주특별자치도, 63002, 대한민국"
46101334,20210814162936049,126.596078,33.489601,"번영로, 봉개동, 제주시, 제주특별자치도, 63327, 대한민국"
46101334,20210814162936049,126.596078,33.489601,"번영로, 봉개동, 제주시, 제주특별자치도, 63327, 대한민국"
461000ec,20210814162936080,126.492056,33.495891,"다호길, 도두이동, 제주시, 제주특별자치도, 63115, 대한민국"
46101895,20210814162936283,126.370503,33.278945,"중산간서로, 상창리, 서귀포시, 제주특별자치도, 63537, 대한민국"
461002e3,20210814162936361,126.805644,33.375018,"번영로, 하천리, 서귀포시, 제주특별자치도, 63635, 대한민국"
46100734,20210814162936487,126.412143,33.251065,"중문관광로72번길, 서귀포시, 제주특별자치도, 63535, 대한민국"
46100734,20210814162936565,126.412143,33.251065,"중문관광로72번길, 서귀포시, 제주특별자치도, 63535, 대한민국"
46101369,20210814162936690,126.343787,33.30391,"한창로, 동광리, 서귀포시, 제주특별자치도, 63522, 대한민국"
461012cf,20210814162936768,126.493597,33.23552,"이어도로, 법환동, 서귀포시, 제주특별자치도, 63573, 대한민국"
46100283,20210814162936909,126.660817,33.469704,"번영로, 제주시, 제주특별자치도, 63343, 대한민국"
46100283,20210814162936909,126.660817,33.469704,"번영로, 제주시, 제주특별자치도, 63343, 대한민국"
461002d5,20210814162936955,126.483352,33.474287,"1100로, 노형동, 제주시, 제주특별자치도, 63087, 대한민국"
461006da,20210814162937002,126.201746,33.365775,"일주서로, 금등리, 제주시, 제주특별자치도, 63002, 대한민국"
461002db,20210814162937018,126.351292,33.356236,"월각로, 제주시, 제주특별자치도, 63038, 대한민국"
46101334,20210814162937065,126.596206,33.489516,"번영로, 봉개동, 제주시, 제주특별자치도, 63327, 대한민국"
46101334,20210814162937065,126.596206,33.489516,"번영로, 봉개동, 제주시, 제주특별자치도, 63327, 대한민국"
461000ec,20210814162937096,126.492056,33.495891,"다호길, 도두이동, 제주시, 제주특별자치도, 63115, 대한민국"
46101895,20210814162937299,126.370298,33.278984,"중산간서로, 상창리, 서귀포시, 제주특별자치도, 63537, 대한민국"
461002e3,20210814162937393,126.805537,33.375127,"번영로, 하천리, 서귀포시, 제주특별자치도, 63635, 대한민국"
4610051d,20210814162937393,126.168238,33.320681,"한경해안로, 용당리, 제주시, 제주특별자치도, 63008, 대한민국"
46100734,20210814162937518,126.412122,33.251023,"중문관광로72번길, 서귀포시, 제주특별자치도, 63535, 대한민국"
46100734,20210814162937596,126.412122,33.251023,"중문관광로72번길, 서귀포시, 제주특별자치도, 63535, 대한민국"
46101369,20210814162937706,126.343895,33.3037,"한창로, 동광리, 서귀포시, 제주특별자치도, 63522, 대한민국"
461012cf,20210814162937768,126.493494,33.235487,"이어도로, 법환동, 서귀포시, 제주특별자치도, 63573, 대한민국"
46100283,20210814162937924,126.660988,33.469713,"번영로, 제주시, 제주특별자치도, 63343, 대한민국"
46100283,20210814162937940,126.660988,33.469713,"번영로, 제주시, 제주특별자치도, 63343, 대한민국"
461002d5,20210814162937987,126.483352,33.474287,"1100로, 노형동, 제주시, 제주특별자치도, 63087, 대한민국"
461006da,20210814162938018,126.201845,33.365846,"일주서로, 금등리, 제주시, 제주특별자치도, 63002, 대한민국"
461002db,20210814162938034,126.351426,33.356122,"월각로, 제주시, 제주특별자치도, 63038, 대한민국"
46101334,20210814162938081,126.59632,33.48944,"카페봄봄, 524, 번영로, 봉개동, 제주시, 제주특별자치도, 63327, 대한민국"
46101334,20210814162938081,126.59632,33.48944,"카페봄봄, 524, 번영로, 봉개동, 제주시, 제주특별자치도, 63327, 대한민국"
461000ec,20210814162938096,126.492056,33.495891,"다호길, 도두이동, 제주시, 제주특별자치도, 63115, 대한민국"
4610037e,20210814162938128,126.6601155,33.4697908,"번영로, 제주시, 제주특별자치도, 63343, 대한민국"
46100495,20210814162938206,126.7874079,33.399262,"번영로, 성읍리, 서귀포시, 제주특별자치도, 대한민국"
46101895,20210814162938315,126.370048,33.279029,"중산간서로, 상창리, 서귀포시, 제주특별자치도, 63537, 대한민국"
461002e3,20210814162938425,126.805429,33.375236,"번영로, 하천리, 서귀포시, 제주특별자치도, 63635, 대한민국"
46100734,20210814162938550,126.412097,33.250972,"중문관광로72번길, 서귀포시, 제주특별자치도, 63535, 대한민국"
46100734,20210814162938628,126.412097,33.250972,"중문관광로72번길, 서귀포시, 제주특별자치도, 63535, 대한민국"
46101369,20210814162938737,126.343988,33.303518,"한창로, 동광리, 서귀포시, 제주특별자치도, 63522, 대한민국"
461012cf,20210814162938784,126.493374,33.235432,"이어도로, 법환동, 서귀포시, 제주특별자치도, 63573, 대한민국"
46100283,20210814162938956,126.661151,33.469721,"번영로, 제주시, 제주특별자치도, 63343, 대한민국"
46100283,20210814162938956,126.661151,33.469721,"번영로, 제주시, 제주특별자치도, 63343, 대한민국"
461002d5,20210814162939003,126.483352,33.474287,"1100로, 노형동, 제주시, 제주특별자치도, 63087, 대한민국"
461006da,20210814162939034,126.201929,33.365905,"일주서로, 금등리, 제주시, 제주특별자치도, 63002, 대한민국"
461002db,20210814162939050,126.351554,33.356014,"월각로, 제주시, 제주특별자치도, 63038, 대한민국"
46101334,20210814162939097,126.596424,33.489371,"카페봄봄, 524, 번영로, 봉개동, 제주시, 제주특별자치도, 63327, 대한민국"
46101334,20210814162939112,126.596424,33.489371,"카페봄봄, 524, 번영로, 봉개동, 제주시, 제주특별자치도, 63327, 대한민국"
461000ec,20210814162939128,126.492056,33.495891,"다호길, 도두이동, 제주시, 제주특별자치도, 63115, 대한민국"
46101895,20210814162939331,126.369827,33.279068,"중산간서로, 상창리, 서귀포시, 제주특별자치도, 63537, 대한민국"
461002e3,20210814162939425,126.805314,33.375357,"번영로, 하천리, 서귀포시, 제주특별자치도, 63635, 대한민국"
46100734,20210814162939550,126.412065,33.250912,"중문관광로72번길, 서귀포시, 제주특별자치도, 63535, 대한민국"
46100734,20210814162939566,126.412065,33.250912,"중문관광로72번길, 서귀포시, 제주특별자치도, 63535, 대한민국"
46101369,20210814162939753,126.344084,33.303328,"한창로, 동광리, 서귀포시, 제주특별자치도, 63522, 대한민국"
461012cf,20210814162939816,126.493286,33.235383,"이어도로, 법환동, 서귀포시, 제주특별자치도, 63573, 대한민국"
46100283,20210814162939972,126.661315,33.46973,"번영로, 제주시, 제주특별자치도, 63343, 대한민국"
46100283,20210814162939988,126.661315,33.46973,"번영로, 제주시, 제주특별자치도, 63343, 대한민국"
461002d5,20210814162940019,126.483352,33.474286,"1100로, 노형동, 제주시, 제주특별자치도, 63087, 대한민국"
461006da,20210814162940050,126.202036,33.365978,"일주서로, 금등리, 제주시, 제주특별자치도, 63002, 대한민국"
461002db,20210814162940066,126.35169,33.355899,"월각로, 제주시, 제주특별자치도, 63038, 대한민국"
46101334,20210814162940113,126.596526,33.489304,"카페봄봄, 524, 번영로, 봉개동, 제주시, 제주특별자치도, 63327, 대한민국"
461000ec,20210814162940144,126.492056,33.495891,"다호길, 도두이동, 제주시, 제주특별자치도, 63115, 대한민국"
46101334,20210814162940144,126.596526,33.489304,"카페봄봄, 524, 번영로, 봉개동, 제주시, 제주특별자치도, 63327, 대한민국"
46100320,20210814162940285,180.0000001,90.0000001,
46101895,20210814162940347,126.369613,33.279103,"중산간서로, 상창리, 서귀포시, 제주특별자치도, 63537, 대한민국"
461002e3,20210814162940456,126.805224,33.375455,"번영로, 하천리, 서귀포시, 제주특별자치도, 63635, 대한민국"
46100734,20210814162940566,126.412024,33.250851,"중문관광로72번길, 서귀포시, 제주특별자치도, 63535, 대한민국"
46100734,20210814162940597,126.412024,33.250851,"중문관광로72번길, 서귀포시, 제주특별자치도, 63535, 대한민국"
46101369,20210814162940753,126.344169,33.30315,"한창로, 동광리, 서귀포시, 제주특별자치도, 63522, 대한민국"
461012cf,20210814162940816,126.493179,33.235314,"이어도로, 법환동, 서귀포시, 제주특별자치도, 63573, 대한민국"
46100283,20210814162941003,126.661473,33.469739,"번영로, 제주시, 제주특별자치도, 63343, 대한민국"
46100283,20210814162941003,126.661473,33.469739,"번영로, 제주시, 제주특별자치도, 63343, 대한민국"
461002d5,20210814162941035,126.483353,33.474286,"1100로, 노형동, 제주시, 제주특별자치도, 63087, 대한민국"
461006da,20210814162941066,126.202129,33.36604,"일주서로, 금등리, 제주시, 제주특별자치도, 63002, 대한민국"
461002db,20210814162941082,126.351811,33.355793,"월각로, 제주시, 제주특별자치도, 63038, 대한민국"
46101334,20210814162941144,126.596623,33.489242,"카페봄봄, 524, 번영로, 봉개동, 제주시, 제주특별자치도, 63327, 대한민국"
46101334,20210814162941144,126.596623,33.489242,"카페봄봄, 524, 번영로, 봉개동, 제주시, 제주특별자치도, 63327, 대한민국"
461000ec,20210814162941160,126.492056,33.495891,"다호길, 도두이동, 제주시, 제주특별자치도, 63115, 대한민국"
461002e3,20210814162941472,126.805115,33.375572,"번영로, 하천리, 서귀포시, 제주특별자치도, 63635, 대한민국"
46100734,20210814162941566,126.411978,33.250794,"중문관광로72번길, 서귀포시, 제주특별자치도, 63535, 대한민국"
46100734,20210814162941629,126.411978,33.250794,"중문관광로72번길, 서귀포시, 제주특별자치도, 63535, 대한민국"
46101369,20210814162941785,126.344273,33.302923,"한창로, 동광리, 서귀포시, 제주특별자치도, 63522, 대한민국"
461012cf,20210814162941847,126.493091,33.235253,"이어도로, 법환동, 서귀포시, 제주특별자치도, 63573, 대한민국"
46100283,20210814162942019,126.661631,33.469746,"번영로, 제주시, 제주특별자치도, 63343, 대한민국"
46100283,20210814162942035,126.661631,33.469746,"번영로, 제주시, 제주특별자치도, 63343, 대한민국"
461002d5,20210814162942051,126.483353,33.474286,"1100로, 노형동, 제주시, 제주특별자치도, 63087, 대한민국"
461006da,20210814162942082,126.202257,33.366127,"일주서로, 금등리, 제주시, 제주특별자치도, 63002, 대한민국"
461002db,20210814162942098,126.351937,33.355691,"월각로, 제주시, 제주특별자치도, 63038, 대한민국"
46101334,20210814162942160,126.596713,33.489186,"카페봄봄, 524, 번영로, 봉개동, 제주시, 제주특별자치도, 63327, 대한민국"
46101334,20210814162942176,126.596713,33.489186,"카페봄봄, 524, 번영로, 봉개동, 제주시, 제주특별자치도, 63327, 대한민국"
461000ec,20210814162942191,126.492055,33.495891,"다호길, 도두이동, 제주시, 제주특별자치도, 63115, 대한민국"
461002e3,20210814162942473,126.805017,33.375677,"번영로, 하천리, 서귀포시, 제주특별자치도, 63635, 대한민국"
46101895,20210814162942520,126.369011,33.279192,"창고천교, 상창리, 서귀포시, 제주특별자치도, 63537, 대한민국"
46100734,20210814162942598,126.411916,33.250721,"중문관광로72번길, 서귀포시, 제주특별자치도, 63535, 대한민국"
46100734,20210814162942660,126.411916,33.250721,"중문관광로72번길, 서귀포시, 제주특별자치도, 63535, 대한민국"
46101369,20210814162942785,126.344373,33.30271,"한창로, 동광리, 서귀포시, 제주특별자치도, 63522, 대한민국"
461012cf,20210814162942863,126.492986,33.235174,"이어도로, 법환동, 서귀포시, 제주특별자치도, 63573, 대한민국"
4610049d,20210814162942957,126.2445713,33.396642,"협재로, 협재리, 제주시, 제주특별자치도, 63011, 대한민국"
46100283,20210814162943051,126.661809,33.469753,"번영로, 제주시, 제주특별자치도, 63343, 대한민국"
46100283,20210814162943067,126.661809,33.469753,"번영로, 제주시, 제주특별자치도, 63343, 대한민국"
461002d5,20210814162943067,126.483353,33.474286,"1100로, 노형동, 제주시, 제주특별자치도, 63087, 대한민국"
461002db,20210814162943098,126.352068,33.355591,"월각로, 제주시, 제주특별자치도, 63038, 대한민국"
461006da,20210814162943098,126.202356,33.366194,"일주서로, 금등리, 제주시, 제주특별자치도, 63002, 대한민국"
46101334,20210814162943176,126.596786,33.489141,"카페봄봄, 524, 번영로, 봉개동, 제주시, 제주특별자치도, 63327, 대한민국"
46101334,20210814162943192,126.596786,33.489141,"카페봄봄, 524, 번영로, 봉개동, 제주시, 제주특별자치도, 63327, 대한민국"
461000ec,20210814162943207,126.492055,33.495891,"다호길, 도두이동, 제주시, 제주특별자치도, 63115, 대한민국"
461002e3,20210814162943504,126.804916,33.375778,"번영로, 하천리, 서귀포시, 제주특별자치도, 63635, 대한민국"
46101895,20210814162943520,126.368814,33.27922,"창고천교, 상창리, 서귀포시, 제주특별자치도, 63537, 대한민국"
46100734,20210814162943614,126.41185,33.250656,"중문관광로72번길, 서귀포시, 제주특별자치도, 63535, 대한민국"
46100734,20210814162943692,126.41185,33.250656,"중문관광로72번길, 서귀포시, 제주특별자치도, 63535, 대한민국"
46101369,20210814162943817,126.344485,33.30247,"한창로, 동광리, 서귀포시, 제주특별자치도, 63522, 대한민국"
461012cf,20210814162943879,126.492892,33.235104,"이어도로, 법환동, 서귀포시, 제주특별자치도, 63573, 대한민국"
46100283,20210814162944067,126.661973,33.46976,"번영로, 제주시, 제주특별자치도, 63343, 대한민국"
46100283,20210814162944083,126.661973,33.46976,"번영로, 제주시, 제주특별자치도, 63343, 대한민국"
461002d5,20210814162944098,126.483353,33.474286,"1100로, 노형동, 제주시, 제주특별자치도, 63087, 대한민국"
461002db,20210814162944129,126.352207,33.355494,"월각로, 제주시, 제주특별자치도, 63038, 대한민국"
461006da,20210814162944129,126.202479,33.366279,"일주서로, 금등리, 제주시, 제주특별자치도, 63002, 대한민국"
46101334,20210814162944192,126.596853,33.489099,"카페봄봄, 524, 번영로, 봉개동, 제주시, 제주특별자치도, 63327, 대한민국"
461000ec,20210814162944208,126.492055,33.495891,"다호길, 도두이동, 제주시, 제주특별자치도, 63115, 대한민국"
46101334,20210814162944223,126.596853,33.489099,"카페봄봄, 524, 번영로, 봉개동, 제주시, 제주특별자치도, 63327, 대한민국"
46101895,20210814162944505,126.368597,33.27925,"중산간서로, 상창리, 서귀포시, 제주특별자치도, 63537, 대한민국"
461002e3,20210814162944520,126.804811,33.375877,"번영로, 하천리, 서귀포시, 제주특별자치도, 63635, 대한민국"
46100734,20210814162944645,126.411776,33.250596,"신우성송도횟집, 29-9, 중문관광로72번길, 서귀포시, 제주특별자치도, 63535, 대한민국"
46100734,20210814162944692,126.411776,33.250596,"신우성송도횟집, 29-9, 중문관광로72번길, 서귀포시, 제주특별자치도, 63535, 대한민국"
46101369,20210814162944833,126.344582,33.302268,"한창로, 동광리, 서귀포시, 제주특별자치도, 63522, 대한민국"
461012cf,20210814162944895,126.492788,33.235026,"이어도로, 법환동, 서귀포시, 제주특별자치도, 63573, 대한민국"
461002d5,20210814162945114,126.483353,33.474285,"1100로, 노형동, 제주시, 제주특별자치도, 63087, 대한민국"
46100283,20210814162945130,126.662161,33.469766,"번영로, 제주시, 제주특별자치도, 63343, 대한민국"
46100283,20210814162945130,126.662161,33.469766,"번영로, 제주시, 제주특별자치도, 63343, 대한민국"
461002db,20210814162945145,126.352349,33.355401,"월각로, 제주시, 제주특별자치도, 63038, 대한민국"
461006da,20210814162945145,126.202582,33.36635,"일주서로, 금등리, 제주시, 제주특별자치도, 63002, 대한민국"
46101334,20210814162945223,126.596896,33.489073,"카페봄봄, 524, 번영로, 봉개동, 제주시, 제주특별자치도, 63327, 대한민국"
46101334,20210814162945223,126.596896,33.489073,"카페봄봄, 524, 번영로, 봉개동, 제주시, 제주특별자치도, 63327, 대한민국"
461000ec,20210814162945239,126.492055,33.495891,"다호길, 도두이동, 제주시, 제주특별자치도, 63115, 대한민국"
46101895,20210814162945536,126.368401,33.279277,"중산간서로, 상창리, 서귀포시, 제주특별자치도, 63537, 대한민국"
461002e3,20210814162945552,126.804688,33.375984,"번영로, 하천리, 서귀포시, 제주특별자치도, 63635, 대한민국"
46100734,20210814162945645,126.411694,33.250543,"신우성송도횟집, 29-9, 중문관광로72번길, 서귀포시, 제주특별자치도, 63535, 대한민국"
46100734,20210814162945724,126.411694,33.250543,"신우성송도횟집, 29-9, 중문관광로72번길, 서귀포시, 제주특별자치도, 63535, 대한민국"
46101369,20210814162945849,126.34471,33.302022,"한창로, 동광리, 서귀포시, 제주특별자치도, 63522, 대한민국"
461012cf,20210814162945911,126.492704,33.234963,"이어도로, 법환동, 서귀포시, 제주특별자치도, 63573, 대한민국"
461002d5,20210814162946130,126.483353,33.474285,"1100로, 노형동, 제주시, 제주특별자치도, 63087, 대한민국"
46100283,20210814162946161,126.662334,33.469772,"번영로, 제주시, 제주특별자치도, 63343, 대한민국"
461002db,20210814162946161,126.352507,33.355301,"월각로, 제주시, 제주특별자치도, 63038, 대한민국"
461006da,20210814162946161,126.20271,33.366439,"일주서로, 금등리, 제주시, 제주특별자치도, 63002, 대한민국"
46100283,20210814162946177,126.662334,33.469772,"번영로, 제주시, 제주특별자치도, 63343, 대한민국"
46101334,20210814162946239,126.596937,33.489048,"카페봄봄, 524, 번영로, 봉개동, 제주시, 제주특별자치도, 63327, 대한민국"
46101334,20210814162946239,126.596937,33.489048,"카페봄봄, 524, 번영로, 봉개동, 제주시, 제주특별자치도, 63327, 대한민국"
461000ec,20210814162946255,126.492055,33.495891,"다호길, 도두이동, 제주시, 제주특별자치도, 63115, 대한민국"
461002e3,20210814162946552,126.804573,33.37608,"번영로, 하천리, 서귀포시, 제주특별자치도, 63635, 대한민국"
46101895,20210814162946568,126.368226,33.279302,"중산간서로, 상창리, 서귀포시, 제주특별자치도, 63537, 대한민국"
46100734,20210814162946661,126.411611,33.250495,"신우성송도횟집, 29-9, 중문관광로72번길, 서귀포시, 제주특별자치도, 63535, 대한민국"
46100734,20210814162946755,126.411611,33.250495,"신우성송도횟집, 29-9, 중문관광로72번길, 서귀포시, 제주특별자치도, 63535, 대한민국"
46101369,20210814162946865,126.344829,33.3018,"한창로, 동광리, 서귀포시, 제주특별자치도, 63522, 대한민국"
46101369,20210814162946880,126.344829,33.3018,"한창로, 동광리, 서귀포시, 제주특별자치도, 63522, 대한민국"
461012cf,20210814162946943,126.492603,33.234886,"이어도로, 법환동, 서귀포시, 제주특별자치도, 63573, 대한민국"
461010b2,20210814162947068,126.6345,33.257066,"하신로, 서귀포시, 제주특별자치도, 63606, 대한민국"
461002d5,20210814162947146,126.483352,33.474284,"1100로, 노형동, 제주시, 제주특별자치도, 63087, 대한민국"
46100283,20210814162947177,126.662514,33.469779,"번영로, 제주시, 제주특별자치도, 63343, 대한민국"
46100283,20210814162947177,126.662514,33.469779,"번영로, 제주시, 제주특별자치도, 63343, 대한민국"
461002db,20210814162947177,126.35265,33.355211,"월각로, 제주시, 제주특별자치도, 63038, 대한민국"
461006da,20210814162947193,126.202826,33.366521,"일주서로, 금등리, 제주시, 제주특별자치도, 63002, 대한민국"
46101334,20210814162947255,126.596965,33.489031,"카페봄봄, 524, 번영로, 봉개동, 제주시, 제주특별자치도, 63327, 대한민국"
46101334,20210814162947271,126.596965,33.489031,"카페봄봄, 524, 번영로, 봉개동, 제주시, 제주특별자치도, 63327, 대한민국"
461000ec,20210814162947287,126.492055,33.495891,"다호길, 도두이동, 제주시, 제주특별자치도, 63115, 대한민국"
461002e3,20210814162947584,126.804456,33.376173,"번영로, 하천리, 서귀포시, 제주특별자치도, 63635, 대한민국"
46100734,20210814162947677,126.411524,33.250455,"신우성송도횟집, 29-9, 중문관광로72번길, 서귀포시, 제주특별자치도, 63535, 대한민국"
46101369,20210814162947896,126.34495,33.301579,"한창로, 동광리, 서귀포시, 제주특별자치도, 63522, 대한민국"
46101369,20210814162947896,126.34495,33.301579,"한창로, 동광리, 서귀포시, 제주특별자치도, 63522, 대한민국"
461012cf,20210814162947927,126.492511,33.234819,"이어도로, 법환동, 서귀포시, 제주특별자치도, 63573, 대한민국"
461002d5,20210814162948162,126.483352,33.474283,"1100로, 노형동, 제주시, 제주특별자치도, 63087, 대한민국"
461002db,20210814162948177,126.352795,33.355121,"월각로, 제주시, 제주특별자치도, 63038, 대한민국"
46100283,20210814162948193,126.662696,33.469786,"번영로, 제주시, 제주특별자치도, 63343, 대한민국"
461006da,20210814162948193,126.202941,33.366601,"일주서로, 금등리, 제주시, 제주특별자치도, 63002, 대한민국"
46100283,20210814162948209,126.662696,33.469786,"번영로, 제주시, 제주특별자치도, 63343, 대한민국"
46101334,20210814162948271,126.596997,33.489011,"카페봄봄, 524, 번영로, 봉개동, 제주시, 제주특별자치도, 63327, 대한민국"
46101334,20210814162948271,126.596997,33.489011,"카페봄봄, 524, 번영로, 봉개동, 제주시, 제주특별자치도, 63327, 대한민국"
461000ec,20210814162948303,126.492055,33.495891,"다호길, 도두이동, 제주시, 제주특별자치도, 63115, 대한민국"
461002e3,20210814162948584,126.804339,33.376262,"번영로, 하천리, 서귀포시, 제주특별자치도, 63635, 대한민국"
46101078,20210814162948631,180.0000001,90.0000001,
46101895,20210814162948646,126.36782,33.27936,"중산간서로, 상창리, 서귀포시, 제주특별자치도, 63537, 대한민국"
46100734,20210814162948709,126.411435,33.25042,"올레길 8코스(월평-대평 올레), 색달동, 소기왓, 대평리, 서귀포시, 제주특별자치도, 63538, 대한민국"
46101369,20210814162948896,126.345072,33.301358,"한창로, 동광리, 서귀포시, 제주특별자치도, 63522, 대한민국"
46101369,20210814162948928,126.345072,33.301358,"한창로, 동광리, 서귀포시, 제주특별자치도, 63522, 대한민국"
461012cf,20210814162948959,126.492417,33.234757,"이어도로, 법환동, 서귀포시, 제주특별자치도, 63573, 대한민국"
461003a2,20210814162949162,126.384118,33.487891,"애월해안로, 하귀2리, 제주시, 제주특별자치도, 63051, 대한민국"
461002d5,20210814162949178,126.483352,33.474283,"1100로, 노형동, 제주시, 제주특별자치도, 63087, 대한민국"
461002db,20210814162949209,126.352938,33.355035,"월각로, 제주시, 제주특별자치도, 63038, 대한민국"
461006da,20210814162949209,126.203053,33.366679,"일주서로, 금등리, 제주시, 제주특별자치도, 63002, 대한민국"
46100283,20210814162949225,126.662898,33.469793,"번영로, 제주시, 제주특별자치도, 63343, 대한민국"
46100283,20210814162949225,126.662898,33.469793,"번영로, 제주시, 제주특별자치도, 63343, 대한민국"
46101334,20210814162949287,126.597019,33.488998,"카페봄봄, 524, 번영로, 봉개동, 제주시, 제주특별자치도, 63327, 대한민국"
46101334,20210814162949287,126.597019,33.488998,"카페봄봄, 524, 번영로, 봉개동, 제주시, 제주특별자치도, 63327, 대한민국"
461000ec,20210814162949318,126.492055,33.495891,"다호길, 도두이동, 제주시, 제주특별자치도, 63115, 대한민국"
461002e3,20210814162949615,126.804219,33.376351,"번영로, 하천리, 서귀포시, 제주특별자치도, 63635, 대한민국"
46101895,20210814162949662,126.367603,33.27939,"중산간서로, 상창리, 서귀포시, 제주특별자치도, 63537, 대한민국"
46100734,20210814162949725,126.411326,33.250393,"올레길 8코스(월평-대평 올레), 색달동, 소기왓, 대평리, 서귀포시, 제주특별자치도, 63538, 대한민국"
46101369,20210814162949928,126.345206,33.301115,"한창로, 동광리, 서귀포시, 제주특별자치도, 63522, 대한민국"
46101369,20210814162949928,126.345206,33.301115,"한창로, 동광리, 서귀포시, 제주특별자치도, 63522, 대한민국"
461012cf,20210814162949975,126.492327,33.234709,"이어도로, 법환동, 서귀포시, 제주특별자치도, 63573, 대한민국"
461004d9,20210814162950100,126.337914,33.453015,"애상로, 애월리, 제주시, 제주특별자치도, 63044, 대한민국"
461002d5,20210814162950194,126.483352,33.474282,"1100로, 노형동, 제주시, 제주특별자치도, 63087, 대한민국"
461002db,20210814162950225,126.353079,33.35495,"월각로, 제주시, 제주특별자치도, 63038, 대한민국"
461006da,20210814162950225,126.203166,33.366758,"일주서로, 금등리, 제주시, 제주특별자치도, 63002, 대한민국"
46100283,20210814162950256,126.663066,33.469799,"번영로, 제주시, 제주특별자치도, 63343, 대한민국"
46100283,20210814162950256,126.663066,33.469799,"번영로, 제주시, 제주특별자치도, 63343, 대한민국"
46101334,20210814162950319,126.59704,33.488985,"카페봄봄, 524, 번영로, 봉개동, 제주시, 제주특별자치도, 63327, 대한민국"
46101334,20210814162950334,126.59704,33.488985,"카페봄봄, 524, 번영로, 봉개동, 제주시, 제주특별자치도, 63327, 대한민국"
461000ec,20210814162950350,126.492055,33.495891,"다호길, 도두이동, 제주시, 제주특별자치도, 63115, 대한민국"
461002e3,20210814162950616,126.80409,33.376445,"번영로, 하천리, 서귀포시, 제주특별자치도, 63635, 대한민국"
46101895,20210814162950678,126.367402,33.279418,"중산간서로, 상창리, 서귀포시, 제주특별자치도, 63537, 대한민국"
46100734,20210814162950756,126.411234,33.250374,"올레길 8코스(월평-대평 올레), 색달동, 소기왓, 대평리, 서귀포시, 제주특별자치도, 63538, 대한민국"
46100734,20210814162950788,126.411234,33.250374,"올레길 8코스(월평-대평 올레), 색달동, 소기왓, 대평리, 서귀포시, 제주특별자치도, 63538, 대한민국"
46101369,20210814162950944,126.345328,33.300902,"한창로, 동광리, 서귀포시, 제주특별자치도, 63522, 대한민국"
46101369,20210814162950960,126.345328,33.300902,"한창로, 동광리, 서귀포시, 제주특별자치도, 63522, 대한민국"
461012cf,20210814162950991,126.492201,33.234658,"이어도로, 법환동, 서귀포시, 제주특별자치도, 63573, 대한민국"
461002d5,20210814162951210,126.483352,33.474282,"1100로, 노형동, 제주시, 제주특별자치도, 63087, 대한민국"
461002db,20210814162951241,126.353219,33.354863,"월각로, 제주시, 제주특별자치도, 63038, 대한민국"
461006da,20210814162951257,126.203278,33.366836,"일주서로, 금등리, 제주시, 제주특별자치도, 63002, 대한민국"
46100283,20210814162951272,126.663273,33.469807,"번영로, 제주시, 제주특별자치도, 63343, 대한민국"
46101334,20210814162951319,126.597049,33.488979,"카페봄봄, 524, 번영로, 봉개동, 제주시, 제주특별자치도, 63327, 대한민국"
46101334,20210814162951335,126.597049,33.488979,"카페봄봄, 524, 번영로, 봉개동, 제주시, 제주특별자치도, 63327, 대한민국"
461000ec,20210814162951382,126.492055,33.495891,"다호길, 도두이동, 제주시, 제주특별자치도, 63115, 대한민국"
461002e3,20210814162951647,126.803975,33.376531,"번영로, 하천리, 서귀포시, 제주특별자치도, 63635, 대한민국"
46101895,20210814162951710,126.367199,33.279448,"중산간서로, 상창리, 서귀포시, 제주특별자치도, 63537, 대한민국"
46100734,20210814162951757,126.41114,33.250362,"올레길 8코스(월평-대평 올레), 색달동, 소기왓, 대평리, 서귀포시, 제주특별자치도, 63538, 대한민국"
46100734,20210814162951819,126.41114,33.250362,"올레길 8코스(월평-대평 올레), 색달동, 소기왓, 대평리, 서귀포시, 제주특별자치도, 63538, 대한민국"
46100498,20210814162951944,126.3067948,33.4507523,"곽지리, 제주시, 제주특별자치도, 63034, 대한민국"
46101369,20210814162951960,126.345442,33.300703,"한창로, 동광리, 서귀포시, 제주특별자치도, 63522, 대한민국"
46101369,20210814162951975,126.345442,33.300703,"한창로, 동광리, 서귀포시, 제주특별자치도, 63522, 대한민국"
461012cf,20210814162952007,126.492101,33.234636,"이어도로, 법환동, 서귀포시, 제주특별자치도, 63573, 대한민국"
461002d5,20210814162952241,126.483352,33.474281,"1100로, 노형동, 제주시, 제주특별자치도, 63087, 대한민국"
461002db,20210814162952257,126.353372,33.354765,"월각로, 제주시, 제주특별자치도, 63038, 대한민국"
461006da,20210814162952257,126.203402,33.366922,"일주서로, 금등리, 제주시, 제주특별자치도, 63002, 대한민국"
46100283,20210814162952288,126.663439,33.469813,"번영로, 제주시, 제주특별자치도, 63343, 대한민국"
46101334,20210814162952335,126.597052,33.488978,"카페봄봄, 524, 번영로, 봉개동, 제주시, 제주특별자치도, 63327, 대한민국"
46101334,20210814162952366,126.597052,33.488978,"카페봄봄, 524, 번영로, 봉개동, 제주시, 제주특별자치도, 63327, 대한민국"
461000ec,20210814162952397,126.492055,33.495891,"다호길, 도두이동, 제주시, 제주특별자치도, 63115, 대한민국"
461002e3,20210814162952648,126.803864,33.376614,"번영로, 하천리, 서귀포시, 제주특별자치도, 63635, 대한민국"
46101895,20210814162952726,126.367001,33.279476,"중산간서로, 상창리, 서귀포시, 제주특별자치도, 63537, 대한민국"
46100734,20210814162952773,126.411051,33.250355,"세븐일레븐 서귀포중문롯데점, 29-5, 중문관광로72번길, 서귀포시, 제주특별자치도, 63535, 대한민국"
46100734,20210814162952851,126.411051,33.250355,"세븐일레븐 서귀포중문롯데점, 29-5, 중문관광로72번길, 서귀포시, 제주특별자치도, 63535, 대한민국"
46101369,20210814162952991,126.345551,33.30052,"한창로, 동광리, 서귀포시, 제주특별자치도, 63522, 대한민국"
461012cf,20210814162953023,126.491976,33.234621,"이어도로, 법환동, 서귀포시, 제주특별자치도, 63573, 대한민국"
46101369,20210814162953101,126.345551,33.30052,"한창로, 동광리, 서귀포시, 제주특별자치도, 63522, 대한민국"
461002d5,20210814162953257,126.483352,33.474281,"1100로, 노형동, 제주시, 제주특별자치도, 63087, 대한민국"
461002db,20210814162953273,126.353508,33.354676,"월각로, 제주시, 제주특별자치도, 63038, 대한민국"
461006da,20210814162953273,126.203504,33.366992,"일주서로, 금등리, 제주시, 제주특별자치도, 63002, 대한민국"
46100283,20210814162953320,126.663658,33.46982,"번영로, 제주시, 제주특별자치도, 63343, 대한민국"
46101334,20210814162953367,126.597052,33.488979,"카페봄봄, 524, 번영로, 봉개동, 제주시, 제주특별자치도, 63327, 대한민국"
46101334,20210814162953367,126.597052,33.488979,"카페봄봄, 524, 번영로, 봉개동, 제주시, 제주특별자치도, 63327, 대한민국"
461000ec,20210814162953413,126.492055,33.49589,"다호길, 도두이동, 제주시, 제주특별자치도, 63115, 대한민국"
461002e3,20210814162953663,126.803754,33.376695,"번영로, 하천리, 서귀포시, 제주특별자치도, 63635, 대한민국"
46100734,20210814162953789,126.410971,33.250351,"세븐일레븐 서귀포중문롯데점, 29-5, 중문관광로72번길, 서귀포시, 제주특별자치도, 63535, 대한민국"
46100734,20210814162953882,126.410971,33.250351,"세븐일레븐 서귀포중문롯데점, 29-5, 중문관광로72번길, 서귀포시, 제주특별자치도, 63535, 대한민국"
46101369,20210814162953992,126.345661,33.300348,"한창로, 동광리, 서귀포시, 제주특별자치도, 63522, 대한민국"
461012cf,20210814162954039,126.491871,33.234613,"이어도로, 법환동, 서귀포시, 제주특별자치도, 63573, 대한민국"
46101369,20210814162954101,126.345661,33.300348,"한창로, 동광리, 서귀포시, 제주특별자치도, 63522, 대한민국"
461002d5,20210814162954289,126.483349,33.474278,"1100로, 노형동, 제주시, 제주특별자치도, 63087, 대한민국"
461002db,20210814162954289,126.35364,33.354588,"월각로, 제주시, 제주특별자치도, 63038, 대한민국"
461006da,20210814162954289,126.203629,33.367078,"일주서로, 금등리, 제주시, 제주특별자치도, 63002, 대한민국"
46100283,20210814162954351,126.663841,33.469826,"번영로, 제주시, 제주특별자치도, 63343, 대한민국"
46101334,20210814162954382,126.597053,33.488979,"카페봄봄, 524, 번영로, 봉개동, 제주시, 제주특별자치도, 63327, 대한민국"
46101334,20210814162954398,126.597053,33.488979,"카페봄봄, 524, 번영로, 봉개동, 제주시, 제주특별자치도, 63327, 대한민국"
461000ec,20210814162954445,126.492055,33.49589,"다호길, 도두이동, 제주시, 제주특별자치도, 63115, 대한민국"
461002e3,20210814162954695,126.803648,33.376774,"번영로, 하천리, 서귀포시, 제주특별자치도, 63635, 대한민국"
46100734,20210814162954820,126.410895,33.250348,"세븐일레븐 서귀포중문롯데점, 29-5, 중문관광로72번길, 서귀포시, 제주특별자치도, 63535, 대한민국"
46101369,20210814162955008,126.345776,33.300169,"한창로, 동광리, 서귀포시, 제주특별자치도, 63522, 대한민국"
461012cf,20210814162955055,126.491745,33.234602,"이어도로, 법환동, 서귀포시, 제주특별자치도, 63573, 대한민국"
46101369,20210814162955101,126.345776,33.300169,"한창로, 동광리, 서귀포시, 제주특별자치도, 63522, 대한민국"
461002d5,20210814162955289,126.483343,33.474275,"1100로, 노형동, 제주시, 제주특별자치도, 63087, 대한민국"
461002db,20210814162955320,126.353772,33.354501,"월각로, 제주시, 제주특별자치도, 63038, 대한민국"
461006da,20210814162955320,126.203755,33.367165,"일주서로, 금등리, 제주시, 제주특별자치도, 63002, 대한민국"
46100283,20210814162955367,126.664027,33.469832,"번영로, 제주시, 제주특별자치도, 63343, 대한민국"
46100283,20210814162955367,126.664027,33.469832,"번영로, 제주시, 제주특별자치도, 63343, 대한민국"
46101334,20210814162955398,126.597054,33.48898,"카페봄봄, 524, 번영로, 봉개동, 제주시, 제주특별자치도, 63327, 대한민국"
46101334,20210814162955414,126.597054,33.48898,"카페봄봄, 524, 번영로, 봉개동, 제주시, 제주특별자치도, 63327, 대한민국"
461000ec,20210814162955445,126.492056,33.49589,"다호길, 도두이동, 제주시, 제주특별자치도, 63115, 대한민국"
46101198,20210814162955570,180.0000001,90.0000001,
461002e3,20210814162955711,126.803543,33.376853,"번영로, 하천리, 서귀포시, 제주특별자치도, 63635, 대한민국"
46100734,20210814162955820,126.410844,33.250345,"세븐일레븐 서귀포중문롯데점, 29-5, 중문관광로72번길, 서귀포시, 제주특별자치도, 63535, 대한민국"
46101369,20210814162956039,126.345874,33.300023,"한창로, 동광리, 서귀포시, 제주특별자치도, 63522, 대한민국"
461012cf,20210814162956070,126.491643,33.234594,"이어도로, 법환동, 서귀포시, 제주특별자치도, 63573, 대한민국"
46101369,20210814162956102,126.345874,33.300023,"한창로, 동광리, 서귀포시, 제주특별자치도, 63522, 대한민국"
461002d5,20210814162956305,126.48334,33.474272,"1100로, 노형동, 제주시, 제주특별자치도, 63087, 대한민국"
461002db,20210814162956321,126.353901,33.354411,"월각로, 제주시, 제주특별자치도, 63038, 대한민국"
461006da,20210814162956321,126.203858,33.367236,"일주서로, 금등리, 제주시, 제주특별자치도, 63002, 대한민국"
46100283,20210814162956383,126.664216,33.46984,"번영로, 제주시, 제주특별자치도, 63343, 대한민국"
46100283,20210814162956383,126.664216,33.46984,"번영로, 제주시, 제주특별자치도, 63343, 대한민국"
46101334,20210814162956430,126.597055,33.48898,"카페봄봄, 524, 번영로, 봉개동, 제주시, 제주특별자치도, 63327, 대한민국"
461000ec,20210814162956477,126.492056,33.49589,"다호길, 도두이동, 제주시, 제주특별자치도, 63115, 대한민국"
461002e3,20210814162956727,126.803429,33.376936,"번영로, 하천리, 서귀포시, 제주특별자치도, 63635, 대한민국"
46100734,20210814162956852,126.410809,33.250341,"세븐일레븐 서귀포중문롯데점, 29-5, 중문관광로72번길, 서귀포시, 제주특별자치도, 63535, 대한민국"
46101369,20210814162957055,126.345966,33.299892,"한창로, 동광리, 서귀포시, 제주특별자치도, 63522, 대한민국"
461012cf,20210814162957086,126.491521,33.234582,"제주곰집, 703-4, 이어도로, 서귀포시, 제주특별자치도, 63563, 대한민국"
461002d5,20210814162957321,126.483337,33.47427,"1100로, 노형동, 제주시, 제주특별자치도, 63087, 대한민국"
461006da,20210814162957336,126.203982,33.367322,"일주서로, 금등리, 제주시, 제주특별자치도, 63002, 대한민국"
461002db,20210814162957352,126.354026,33.354317,"월각로, 제주시, 제주특별자치도, 63038, 대한민국"
46100283,20210814162957399,126.664407,33.469849,"번영로, 제주시, 제주특별자치도, 63343, 대한민국"
46100283,20210814162957415,126.664407,33.469849,"번영로, 제주시, 제주특별자치도, 63343, 대한민국"
46101334,20210814162957446,126.597056,33.48898,"카페봄봄, 524, 번영로, 봉개동, 제주시, 제주특별자치도, 63327, 대한민국"
461000ec,20210814162957493,126.492056,33.495889,"다호길, 도두이동, 제주시, 제주특별자치도, 63115, 대한민국"
46101334,20210814162957508,126.597056,33.48898,"카페봄봄, 524, 번영로, 봉개동, 제주시, 제주특별자치도, 63327, 대한민국"
461002e3,20210814162957743,126.803338,33.377002,"번영로, 하천리, 서귀포시, 제주특별자치도, 63635, 대한민국"
46100734,20210814162957868,126.410786,33.250337,"세븐일레븐 서귀포중문롯데점, 29-5, 중문관광로72번길, 서귀포시, 제주특별자치도, 63535, 대한민국"
46100734,20210814162957868,126.410786,33.250337,"세븐일레븐 서귀포중문롯데점, 29-5, 중문관광로72번길, 서귀포시, 제주특별자치도, 63535, 대한민국"
46101369,20210814162958087,126.346051,33.299768,"한창로, 동광리, 서귀포시, 제주특별자치도, 63522, 대한민국"
461012cf,20210814162958102,126.491412,33.234574,"이어도로, 법환동, 서귀포시, 제주특별자치도, 63573, 대한민국"
46101369,20210814162958102,126.346051,33.299768,"한창로, 동광리, 서귀포시, 제주특별자치도, 63522, 대한민국"
461002d5,20210814162958352,126.483337,33.47427,"1100로, 노형동, 제주시, 제주특별자치도, 63087, 대한민국"
461006da,20210814162958368,126.204084,33.367392,"일주서로, 금등리, 제주시, 제주특별자치도, 63002, 대한민국"
461002db,20210814162958384,126.354159,33.354216,"월각로, 제주시, 제주특별자치도, 63038, 대한민국"
461002db,20210814162958384,126.354159,33.354216,"월각로, 제주시, 제주특별자치도, 63038, 대한민국"
46100283,20210814162958431,126.664601,33.469858,"번영로, 제주시, 제주특별자치도, 63343, 대한민국"
46100283,20210814162958446,126.664601,33.469858,"번영로, 제주시, 제주특별자치도, 63343, 대한민국"
46101334,20210814162958462,126.597057,33.488981,"카페봄봄, 524, 번영로, 봉개동, 제주시, 제주특별자치도, 63327, 대한민국"
46101334,20210814162958477,126.597057,33.488981,"카페봄봄, 524, 번영로, 봉개동, 제주시, 제주특별자치도, 63327, 대한민국"
461000ec,20210814162958509,126.492056,33.495889,"다호길, 도두이동, 제주시, 제주특별자치도, 63115, 대한민국"
461002e3,20210814162958743,126.80323,33.377077,"번영로, 하천리, 서귀포시, 제주특별자치도, 63635, 대한민국"
46100734,20210814162958884,126.410776,33.250334,"세븐일레븐 서귀포중문롯데점, 29-5, 중문관광로72번길, 서귀포시, 제주특별자치도, 63535, 대한민국"
46101369,20210814162959087,126.346136,33.299643,"한창로, 동광리, 서귀포시, 제주특별자치도, 63522, 대한민국"
46101369,20210814162959103,126.346136,33.299643,"한창로, 동광리, 서귀포시, 제주특별자치도, 63522, 대한민국"
461012cf,20210814162959118,126.49129,33.234562,"이어도로, 법환동, 서귀포시, 제주특별자치도, 63573, 대한민국"
461002d5,20210814162959353,126.48333,33.474266,"1100로, 노형동, 제주시, 제주특별자치도, 63087, 대한민국"
461002db,20210814162959384,126.354283,33.354126,"월각로, 제주시, 제주특별자치도, 63038, 대한민국"
461006da,20210814162959384,126.204223,33.367489,"일주서로, 판포리, 제주시, 제주특별자치도, 63002, 대한민국"
461002db,20210814162959446,126.354283,33.354126,"월각로, 제주시, 제주특별자치도, 63038, 대한민국"
46100283,20210814162959478,126.664818,33.469868,"번영로, 제주시, 제주특별자치도, 63343, 대한민국"
46100283,20210814162959478,126.664818,33.469868,"번영로, 제주시, 제주특별자치도, 63343, 대한민국"
46101334,20210814162959478,126.597058,33.488981,"카페봄봄, 524, 번영로, 봉개동, 제주시, 제주특별자치도, 63327, 대한민국"
46101334,20210814162959493,126.597058,33.488981,"카페봄봄, 524, 번영로, 봉개동, 제주시, 제주특별자치도, 63327, 대한민국"
461000ec,20210814162959525,126.492057,33.495889,"다호길, 도두이동, 제주시, 제주특별자치도, 63115, 대한민국"
461002e3,20210814162959775,126.803145,33.377136,"번영로, 하천리, 서귀포시, 제주특별자치도, 63635, 대한민국"
46100734,20210814162959900,126.410777,33.250334,"세븐일레븐 서귀포중문롯데점, 29-5, 중문관광로72번길, 서귀포시, 제주특별자치도, 63535, 대한민국"
46100734,20210814162959900,126.410777,33.250334,"세븐일레븐 서귀포중문롯데점, 29-5, 중문관광로72번길, 서귀포시, 제주특별자치도, 63535, 대한민국"
461002b1,20210814163000009,126.528835,33.481018,"스시테이카이센동, 440, 연북로, 제주시, 제주특별자치도, 63235, 대한민국"
46100301,20210814163000009,126.52745,33.492099,"연삼로, 도남동, 제주시, 제주특별자치도, 63205, 대한민국"
46100484,20210814163000009,126.396896,33.4827,"애월해안로, 하귀2리, 제주시, 제주특별자치도, 63051, 대한민국"
461004c2,20210814163000009,126.743179,33.279619,"남태해안로, 태흥리, 서귀포시, 제주특별자치도, 63621, 대한민국"
461004e5,20210814163000009,126.535846,33.496357,"연삼로, 도남동, 제주시, 제주특별자치도, 63205, 대한민국"
4610066e,20210814163000009,126.511008,33.248705,"대륜동주민센터, 9185, 일주동로, 서귀포시, 제주특별자치도, 63572, 대한민국"
461006f4,20210814163000009,126.296013,33.250474,"일주서로, 인성리, 서귀포시, 제주특별자치도, 63520, 대한민국"
46101168,20210814163000009,126.587906,33.299765,"돈내코로, 서귀포시, 제주특별자치도, 63603, 대한민국"
461012af,20210814163000009,126.488435,33.491161,"도령로, 제주시, 제주특별자치도, 63081, 대한민국"
4610014a,20210814163000025,126.566626,33.247594,"더끌림카페, 44, 명동로, 서귀동, 서귀포시, 제주특별자치도, 63591, 대한민국"
46100193,20210814163000025,126.362734,33.235236,"쉬멍놀멍, 49-5, 난드르로, 소기왓, 대평리, 서귀포시, 제주특별자치도, 63538, 대한민국"
4610032b,20210814163000025,126.374591,33.39152,"평화로, 제주시, 제주특별자치도, 63038, 대한민국"
461011cd,20210814163000025,126.369553,33.375348,"평화로, 제주시, 제주특별자치도, 63038, 대한민국"
4610197b,20210814163000025,126.607097,33.523772,"일주동로, 삼양일동, 신촌리, 제주시, 제주특별자치도, 63337, 대한민국"
461000b6,20210814163000040,126.489063,33.250483,"일주서로, 강정동, 서귀포시, 제주특별자치도, 63561, 대한민국"
461000c7,20210814163000040,126.48596,33.516673,"서해안로, 용담삼동, 제주시, 제주특별자치도, 63114, 대한민국"
46100107,20210814163000040,126.507402,33.500316,"서광로, 오라삼동, 제주시, 제주특별자치도, 63184, 대한민국"
46100107,20210814163000040,126.507402,33.500316,"서광로, 오라삼동, 제주시, 제주특별자치도, 63184, 대한민국"
4610032b,20210814163000040,126.374591,33.39152,"평화로, 제주시, 제주특별자치도, 63038, 대한민국"
46100467,20210814163000040,126.408117,33.484379,"일주서로, 하귀1리, 제주시, 제주특별자치도, 63051, 대한민국"
461004e5,20210814163000040,126.535846,33.496357,"연삼로, 도남동, 제주시, 제주특별자치도, 63205, 대한민국"
461010c5,20210814163000040,126.697662,33.318589,"중산간동로, 한남리, 서귀포시, 제주특별자치도, 63621, 대한민국"
46101193,20210814163000040,126.315722,33.303153,"신화역사로, 서광리, 서귀포시, 제주특별자치도, 63522, 대한민국"
46101203,20210814163000040,126.486357,33.502659,"도두이동, 제주시, 제주특별자치도, 63115, 대한민국"
4610179e,20210814163000040,126.317678,33.302721,"파크사이드다이닝(Parkside Dining), 89, Sinhwayeoksa-ro 304beon-gil, 서광리, 서귀포시, 제주특별자치도, 63522, 대한민국"
46101828,20210814163000040,126.593615,33.288197,"516로, 상효동, 서귀포시, 제주특별자치도, 63603, 대한민국"
461010b0,20210814163000056,126.500447,33.503426,"공항로1길, 용담이동, 제주시, 제주특별자치도, 63115, 대한민국"
46101132,20210814163000056,126.401271,33.261368,"일주서로, 색달동, 창천리, 서귀포시, 제주특별자치도, 63537, 대한민국"
46101787,20210814163000056,126.485037,33.463636,"1100로, 제주시, 제주특별자치도, 63142, 대한민국"
4610186c,20210814163000056,126.282827,33.42227,"한수풀로, 대림리, 제주시, 제주특별자치도, 63029, 대한민국"
46100226,20210814163000072,126.504855,33.502298,"월성로, 용담이동, 제주시, 제주특별자치도, 63161, 대한민국"
461004b5,20210814163000072,126.493498,33.506692,"제주국제공항, 2, 공항로, 제주시, 제주특별자치도, 63115, 대한민국"
461004b5,20210814163000072,126.493498,33.506692,"제주국제공항, 2, 공항로, 제주시, 제주특별자치도, 63115, 대한민국"
461005b9,20210814163000072,126.38418,33.40509,"평화로, 제주시, 제주특별자치도, 63038, 대한민국"
4610072d,20210814163000072,126.818311,33.54148,"일주동로, 행원리, 제주시, 제주특별자치도, 63360, 대한민국"
46100fa5,20210814163000072,126.505126,33.500093,"서광로, 오라삼동, 제주시, 제주특별자치도, 63184, 대한민국"
4610131e,20210814163000072,126.510169,33.5087,"용문로, 용담일동, 제주시, 제주특별자치도, 63161, 대한민국"
461018e5,20210814163000072,126.688401,33.280181,"일주동로, 남원리, 서귀포시, 제주특별자치도, 63610, 대한민국"
461001c0,20210814163000087,126.68452,33.540753,"일주동로, 북촌리, 제주시, 제주특별자치도, 63333, 대한민국"
4610023b,20210814163000087,126.444798,33.493497,"일주서로, 내도동, 현사마을, 제주시, 제주특별자치도, 63074, 대한민국"
461004a7,20210814163000087,126.337485,33.467087,"애월해안로, 고내리, 제주시, 제주특별자치도, 63044, 대한민국"
461004d9,20210814163000087,126.339063,33.452514,"애상로, 애월리, 제주시, 제주특별자치도, 63044, 대한민국"
461005b1,20210814163000087,126.435694,33.446967,"평화로, 광령리, 제주시, 제주특별자치도, 63062, 대한민국"
461005f2,20210814163000087,126.487654,33.451879,"제주시, 제주특별자치도, 63142, 대한민국"
4610066e,20210814163000087,126.511008,33.248705,"대륜동주민센터, 9185, 일주동로, 서귀포시, 제주특별자치도, 63572, 대한민국"
461007e7,20210814163000087,126.799779,33.464965,"중산간동로, 송당리, 제주시, 제주특별자치도, 63631, 대한민국"
46100fd8,20210814163000087,126.60212,33.260417,"1132번 자전거도로, 신효동, 서귀포시, 제주특별자치도, 63606, 대한민국"
46101126,20210814163000087,126.544084,33.25533,"일주동로, 호근동, 서귀포시, 제주특별자치도, 63571, 대한민국"
4610118d,20210814163000087,126.585265,33.267491,"중산간동로, 토평동, 서귀포시, 제주특별자치도, 63603, 대한민국"
461017e3,20210814163000087,126.475988,33.25241,"일주서로, 도순동, 서귀포시, 제주특별자치도, 63561, 대한민국"
461004b1,20210814163000103,126.509849,33.508232,"제주용담2동우편취급국, 150, 용문로, 용담이동, 제주시, 제주특별자치도, 63161, 대한민국"
46100525,20210814163000103,126.423711,33.242828,"제주부영호텔앤리조트, 222, 중문관광로, 서귀포시, 제주특별자치도, 63545, 대한민국"
461005b1,20210814163000103,126.435694,33.446967,"평화로, 광령리, 제주시, 제주특별자치도, 63062, 대한민국"
461005b1,20210814163000103,126.435694,33.446967,"평화로, 광령리, 제주시, 제주특별자치도, 63062, 대한민국"
46100ff1,20210814163000103,126.38499,33.240714,"횟집바다목장, 35, 논짓물로, 하예동, 서귀포시, 제주특별자치도, 63538, 대한민국"
4610116b,20210814163000103,126.529085,33.261371,"중산간동로, 호근동, 서귀포시, 제주특별자치도, 63566, 대한민국"
46101369,20210814163000103,126.34622,33.299515,"한창로, 동광리, 서귀포시, 제주특별자치도, 63522, 대한민국"
461001bb,20210814163000119,126.400163,33.481614,"일주서로, 하귀2리, 제주시, 제주특별자치도, 63051, 대한민국"
461005ce,20210814163000119,126.409103,33.484608,"일주서로, 하귀1리, 제주시, 제주특별자치도, 63051, 대한민국"
46100717,20210814163000119,126.741591,33.483706,"중산간동로, 덕천리, 제주시, 제주특별자치도, 대한민국"
4610121e,20210814163000119,126.282376,33.439509,"일주서로, 귀덕리, 제주시, 제주특별자치도, 63024, 대한민국"
46101307,20210814163000119,126.514839,33.509905,"용담로, 용담일동, 제주시, 제주특별자치도, 63153, 대한민국"
46101369,20210814163000119,126.34622,33.299515,"한창로, 동광리, 서귀포시, 제주특별자치도, 63522, 대한민국"
461017bf,20210814163000119,126.486365,33.499753,"공항서로, 도두이동, 제주시, 제주특별자치도, 63115, 대한민국"
461018b6,20210814163000119,126.920366,33.468725,"빅웨이브, 116, 한도로, 오조리, 서귀포시, 제주특별자치도, 63639, 대한민국"
46101943,20210814163000119,126.382889,33.264077,"일주서로, 색달동, 창천리, 서귀포시, 제주특별자치도, 63537, 대한민국"
4610195f,20210814163000119,126.812548,33.497486,"비자림로, 평대리, 제주시, 제주특별자치도, 63360, 대한민국"
46100578,20210814163000134,126.479239,33.498291,"제성1길, 도두이동, 제주시, 제주특별자치도, 63095, 대한민국"
46100619,20210814163000134,126.497179,33.261518,"중산간서로, 서귀포시, 제주특별자치도, 63565, 대한민국"
46100684,20210814163000134,126.835165,33.521422,"비자림로, 평대리, 제주시, 제주특별자치도, 63359, 대한민국"
46101015,20210814163000134,126.823304,33.43317,"금백조로, 수산리, 서귀포시, 제주특별자치도, 63631, 대한민국"
46101042,20210814163000134,126.810321,33.30855,"일주동로, 세화리, 서귀포시, 제주특별자치도, 63629, 대한민국"
461012cf,20210814163000134,126.491187,33.234554,"이어도로, 법환동, 서귀포시, 제주특별자치도, 63573, 대한민국"
461012ea,20210814163000134,126.456528,33.492789,"오광로, 이호이동, 현사마을, 제주시, 제주특별자치도, 63103, 대한민국"
461012fe,20210814163000134,126.339501,33.338923,"산록남로, 서귀포시, 제주특별자치도, 63522, 대한민국"
4610185c,20210814163000134,126.495829,33.518094,"사랑터울펜션, 서해안로, 용담삼동, 제주시, 제주특별자치도, 63114, 대한민국"
46100452,20210814163000150,126.438656,33.493903,"일주서로, 내도동, 현사마을, 제주시, 제주특별자치도, 63074, 대한민국"
46100fa5,20210814163000150,126.505126,33.500093,"서광로, 오라삼동, 제주시, 제주특별자치도, 63184, 대한민국"
46101040,20210814163000150,126.507012,33.493163,"연삼로, 오라삼동, 제주시, 제주특별자치도, 63148, 대한민국"
46101081,20210814163000150,126.919047,33.444616,"섭지코지로25번길, 신양리, 서귀포시, 제주특별자치도, 63640, 대한민국"
461010ed,20210814163000150,126.502781,33.514255,"용마서1길, 용담삼동, 제주시, 제주특별자치도, 63156, 대한민국"
4610119f,20210814163000150,126.280887,33.438686,"일주서로, 귀덕리, 제주시, 제주특별자치도, 63024, 대한민국"
4610127d,20210814163000150,126.562217,33.25013,"나르샤, 5, 중앙로62번길, 서귀동, 서귀포시, 제주특별자치도, 63590, 대한민국"
461017ef,20210814163000150,126.934984,33.468982,"더클라우드 호텔, 269-37, 한도로, 성산리, 서귀포시, 제주특별자치도, 63643, 대한민국"
461003e5,20210814163000165,126.920836,33.436863,"신양리, 서귀포시, 제주특별자치도, 63641, 대한민국"
4610179b,20210814163000165,126.374019,33.27787,"중산간서로, 상창리, 서귀포시, 제주특별자치도, 63537, 대한민국"
4610179b,20210814163000165,126.374019,33.27787,"중산간서로, 상창리, 서귀포시, 제주특별자치도, 63537, 대한민국"
461017b7,20210814163000165,126.663627,33.277815,"1132번 자전거도로, 위미리, 서귀포시, 제주특별자치도, 63610, 대한민국"
46100280,20210814163000181,126.546167,33.263081,"한라산가든, 8156, 중산간동로, 서홍동, 서귀포시, 제주특별자치도, 63584, 대한민국"
461005b2,20210814163000181,126.574596,33.254836,"플러스제과점, 8554, 일주동로, 서귀포시, 제주특별자치도, 63588, 대한민국"
461005b2,20210814163000181,126.574596,33.254836,"플러스제과점, 8554, 일주동로, 서귀포시, 제주특별자치도, 63588, 대한민국"
46100764,20210814163000181,126.277289,33.427734,"일주서로, 대림리, 제주시, 제주특별자치도, 63024, 대한민국"
46101101,20210814163000181,126.404117,33.417828,"평화로, 유수암리, 제주시, 제주특별자치도, 63067, 대한민국"
46101261,20210814163000181,126.655112,33.477012,"남조로, 대흘리, 제주시, 제주특별자치도, 63343, 대한민국"
46101839,20210814163000181,126.487481,33.47026,"ice hse, 은수길, 연동, 제주시, 제주특별자치도, 63142, 대한민국"
46101845,20210814163000181,126.909094,33.446757,"농원백숙, 1224, 서성일로, 고성리, 서귀포시, 제주특별자치도, 63640, 대한민국"
46100137,20210814163000197,126.678267,33.415728,"렛츠런팜제주, 남조로, 수망리, 제주시, 제주특별자치도, 대한민국"
46100660,20210814163000197,126.277696,33.425407,"Ollegil 15, 대림리, 제주시, 제주특별자치도, 63024, 대한민국"
4610073c,20210814163000197,126.884787,33.5253,"문주란로1길, 하도리, 제주시, 제주특별자치도, 63362, 대한민국"
46101011,20210814163000197,126.503374,33.516495,"서해안로, 용담삼동, 제주시, 제주특별자치도, 63156, 대한민국"
4610101c,20210814163000197,126.318578,33.310491,"Jeju Shinhwa World, 38, 신화역사로, 서광리, 서귀포시, 제주특별자치도, 63522, 대한민국"
4610108d,20210814163000197,126.30059,33.444511,"금성리, 제주시, 제주특별자치도, 63034, 대한민국"
46101101,20210814163000197,126.404117,33.417828,"평화로, 유수암리, 제주시, 제주특별자치도, 63067, 대한민국"
46101147,20210814163000197,126.475857,33.49365,"다나와컴퓨터 제주센터, 7772, 일주서로, 이호일동, 제주시, 제주특별자치도, 63095, 대한민국"
4610136b,20210814163000197,180.0000001,90.0000001,
4610196f,20210814163000197,126.489522,33.501473,"공항서로, 도두이동, 제주시, 제주특별자치도, 63115, 대한민국"
461000cf,20210814163000212,126.405815,33.472741,"제주 서부경찰서, 215, 애조로, 상귀리, 제주시, 제주특별자치도, 63051, 대한민국"
461000cf,20210814163000212,126.405815,33.472741,"제주 서부경찰서, 215, 애조로, 상귀리, 제주시, 제주특별자치도, 63051, 대한민국"
46100218,20210814163000212,126.658759,33.46973,"번영로, 제주시, 제주특별자치도, 63343, 대한민국"
46100218,20210814163000212,126.658759,33.46973,"번영로, 제주시, 제주특별자치도, 63343, 대한민국"
4610034d,20210814163000212,126.524093,33.517014,"임항로, 탑동, 제주시, 제주특별자치도, 63165, 대한민국"
46100424,20210814163000212,126.735789,33.435863,"번영로, 제주시, 제주특별자치도, 대한민국"
46100492,20210814163000212,126.431318,33.250904,"대포칼제비, 338, 중문관광로, 서귀포시, 제주특별자치도, 63540, 대한민국"
461004c0,20210814163000212,126.43374,33.238182,"이어도로, 서귀포시, 제주특별자치도, 63540, 대한민국"
461010cb,20210814163000212,126.672762,33.544038,"조함해안로, 함덕리, 제주시, 제주특별자치도, 63333, 대한민국"
4610116a,20210814163000212,126.593651,33.491896,"삼봉로, 삼양이동, 제주시, 제주특별자치도, 63327, 대한민국"
46101225,20210814163000212,126.571192,33.249523,"제주명가두루치기, 495, 태평로, 서귀동, 서귀포시, 제주특별자치도, 63590, 대한민국"
46101320,20210814163000212,126.571369,33.451858,"첨단로, 월평동, 제주시, 제주특별자치도, 63243, 대한민국"
46101830,20210814163000212,126.908261,33.446645,"제주민족, 12, 서성일로, 고성리, 서귀포시, 제주특별자치도, 63640, 대한민국"
4610190d,20210814163000212,126.370049,33.377435,"평화로, 제주시, 제주특별자치도, 63038, 대한민국"
46100363,20210814163000228,126.486006,33.499492,"공항서로, 도두이동, 제주시, 제주특별자치도, 63115, 대한민국"
46100424,20210814163000228,126.735789,33.435863,"번영로, 제주시, 제주특별자치도, 대한민국"
4610044e,20210814163000228,126.756578,33.444943,"비자림로, 송당리, 제주시, 제주특별자치도, 대한민국"
46100524,20210814163000228,126.827494,33.548389,"해맞이해안로, 제주시, 제주특별자치도, 63359, 대한민국"
46100638,20210814163000228,126.306315,33.450668,"곽지리, 제주시, 제주특별자치도, 63034, 대한민국"
461006d3,20210814163000228,126.671842,33.541179,"대명리조트제주, 함덕로, 함덕리, 제주시, 제주특별자치도, 63333, 대한민국"
46101079,20210814163000228,126.921018,33.450402,"커큐민 흑돼지, 84, 일출로, 고성리, 서귀포시, 제주특별자치도, 63640, 대한민국"
4610107b,20210814163000228,126.563199,33.250444,"마리식당, 중앙로62번길, 서귀동, 서귀포시, 제주특별자치도, 63590, 대한민국"
461010ce,20210814163000228,126.513205,33.463526,"오남로, 오라이동, 제주시, 제주특별자치도, 63147, 대한민국"
46101848,20210814163000228,126.24263,33.396504,"협재리, 제주시, 제주특별자치도, 63011, 대한민국"
46101961,20210814163000228,126.546356,33.497283,"연신로, 제주시, 제주특별자치도, 63260, 대한민국"
461000e6,20210814163000244,126.524735,33.512442,"중앙로11길, 일도일동, 제주시, 제주특별자치도, 63192, 대한민국"
4610101a,20210814163000244,126.762254,33.551522,"일주동로, 김녕리, 제주시, 제주특별자치도, 63357, 대한민국"
461010d1,20210814163000244,126.52491,33.513152,"제주지하상가, 관덕로7길, 탑동, 제주시, 제주특별자치도, 63166, 대한민국"
46101186,20210814163000244,126.516272,33.247767,"일주동로, 법환동, 서귀포시, 제주특별자치도, 63572, 대한민국"
461012c4,20210814163000244,126.536983,33.251613,"일주동로, 호근동, 서귀포시, 제주특별자치도, 63571, 대한민국"
4610136b,20210814163000244,180.0000001,90.0000001,
4610190d,20210814163000244,126.370049,33.377435,"평화로, 제주시, 제주특별자치도, 63038, 대한민국"
4610017b,20210814163000259,126.270706,33.380553,"명월로, 명월리, 제주시, 제주특별자치도, 63014, 대한민국"
46100634,20210814163000259,126.359554,33.351942,"평화로, 제주시, 제주특별자치도, 63038, 대한민국"
461006c4,20210814163000259,126.567,33.249851,"고도리야식, 7, 동문동로, 서귀동, 서귀포시, 제주특별자치도, 63590, 대한민국"
46101833,20210814163000259,126.806318,33.303415,"올레길4 (Ollegil 4), 당포마을, 표선리, 서귀포시, 제주특별자치도, 63629, 대한민국"
461018d5,20210814163000259,180.0000001,90.0000001,
461018ef,20210814163000259,126.523924,33.24704,"일주동로, 법환동, 서귀포시, 제주특별자치도, 63572, 대한민국"
461018fb,20210814163000259,126.365069,33.333036,"산록남로, 광평리, 서귀포시, 제주특별자치도, 63522, 대한민국"
4610190d,20210814163000259,126.370049,33.377435,"평화로, 제주시, 제주특별자치도, 63038, 대한민국"
4610193b,20210814163000259,126.686877,33.53174,"조천우회로, 북촌리, 제주시, 제주특별자치도, 63333, 대한민국"
46100131,20210814163000275,126.675303,33.531215,"조천우회로, 함덕리, 제주시, 제주특별자치도, 63333, 대한민국"
46100131,20210814163000275,126.675303,33.531215,"조천우회로, 함덕리, 제주시, 제주특별자치도, 63333, 대한민국"
461001a8,20210814163000275,126.517584,33.514691,"탑동로, 용담일동, 제주시, 제주특별자치도, 63167, 대한민국"
4610051d,20210814163000275,126.168255,33.320688,"한경해안로, 용당리, 제주시, 제주특별자치도, 63008, 대한민국"
4610056f,20210814163000275,126.769521,33.328605,"중산간동로, 신흥리, 서귀포시, 제주특별자치도, 63623, 대한민국"
4610108e,20210814163000275,126.239388,33.392713,"한림로, 옹포리, 제주시, 제주특별자치도, 63011, 대한민국"
46101812,20210814163000275,126.328686,33.429991,"납읍남로, 납읍리, 제주시, 제주특별자치도, 63035, 대한민국"
461018d5,20210814163000275,180.0000001,90.0000001,
461018ef,20210814163000275,126.523924,33.24704,"일주동로, 법환동, 서귀포시, 제주특별자치도, 63572, 대한민국"
46100340,20210814163000290,126.442258,33.263296,"중산간서로, 중문동, 서귀포시, 제주특별자치도, 63551, 대한민국"
461004dd,20210814163000290,126.494604,33.488749,"신대로12길, 제주시, 제주특별자치도, 63122, 대한민국"
46100534,20210814163000290,126.4328,33.493453,"외도동주민센터, 7350, 일주서로, 외도이동, 제주시, 제주특별자치도, 63071, 대한민국"
461005cb,20210814163000290,126.870452,33.518948,"일주동로, 하도리, 제주시, 제주특별자치도, 63361, 대한민국"
461005d5,20210814163000290,126.539251,33.514052,"동문로, 건입동, 제주시, 제주특별자치도, 63284, 대한민국"
46100679,20210814163000290,126.595395,33.498013,"삼봉로, 삼양이동, 제주시, 제주특별자치도, 63327, 대한민국"
46100695,20210814163000290,126.398752,33.256388,"마가렛펜션&엔틱카페, 11-16, 예래로, 하예동, 소기왓, 대평리, 서귀포시, 제주특별자치도, 63537, 대한민국"
4610079e,20210814163000290,126.503216,33.515595,"서해안로, 용담삼동, 제주시, 제주특별자치도, 63156, 대한민국"
461010b3,20210814163000290,126.554725,33.24787,"태평로, 서귀포시, 제주특별자치도, 63592, 대한민국"
461010df,20210814163000290,126.542724,33.509266,"동광로, 일도이동, 제주시, 제주특별자치도, 63254, 대한민국"
4610121d,20210814163000290,126.479792,33.486223,"제주시, 제주특별자치도, 63097, 대한민국"
46100447,20210814163000306,126.456539,33.492823,"오광로, 이호이동, 현사마을, 제주시, 제주특별자치도, 63103, 대한민국"
461004c5,20210814163000306,126.389168,33.47437,"애조로, 수산리, 제주시, 제주특별자치도, 63051, 대한민국"
4610077c,20210814163000306,126.810793,33.491178,"비자림 청소년 수련원, 비자숲길, 구좌읍, 제주시, 제주특별자치도, 대한민국"
461010df,20210814163000306,126.542724,33.509266,"동광로, 일도이동, 제주시, 제주특별자치도, 63254, 대한민국"
461010fa,20210814163000306,126.48721,33.429337,"1100로, 제주시, 제주특별자치도, 63147, 대한민국"
461011a1,20210814163000306,126.283854,33.444199,"한림해안로, 수원리, 제주시, 제주특별자치도, 63024, 대한민국"
4610121d,20210814163000306,126.479792,33.486223,"제주시, 제주특별자치도, 63097, 대한민국"
46101330,20210814163000306,126.47401,33.252768,"맥도날드 제주월드컵스타디움DT점, 7, 일주서로, 도순동, 서귀포시, 제주특별자치도, 63561, 대한민국"
46101894,20210814163000306,126.931518,33.466097,"성산등용로17번길, 성산리, 서귀포시, 제주특별자치도, 63643, 대한민국"
46101945,20210814163000306,126.459033,33.468539,"노형로, 제주시, 제주특별자치도, 63103, 대한민국"
46100345,20210814163000322,126.292495,33.443383,"일주서로, 귀덕리, 제주시, 제주특별자치도, 63034, 대한민국"
46100fae,20210814163000322,126.418046,33.472251,"애조로, 상귀리, 제주시, 제주특별자치도, 63051, 대한민국"
461010d0,20210814163000322,126.177303,33.30966,"고산로, 고산리, 제주시, 제주특별자치도, 63008, 대한민국"
461010db,20210814163000322,126.39316,33.304592,"상천리, 서귀포시, 제주특별자치도, 대한민국"
46101183,20210814163000322,126.303592,33.448829,"곽지1길, 곽지리, 제주시, 제주특별자치도, 63034, 대한민국"
46101332,20210814163000322,126.491525,33.496172,"다호길, 도두이동, 제주시, 제주특별자치도, 63115, 대한민국"
46101359,20210814163000322,126.537456,33.495083,"남광북3길, 제주시, 제주특별자치도, 63211, 대한민국"
461017f6,20210814163000322,126.240085,33.377594,"라온프라이빗CC, 금능남로, 금능리, 제주시, 제주특별자치도, 63011, 대한민국"
4610195b,20210814163000322,126.451801,33.495129,"일주서로, 이호이동, 현사마을, 제주시, 제주특별자치도, 63108, 대한민국"
46101979,20210814163000322,126.424988,33.259086,"일주서로, 중문동, 서귀포시, 제주특별자치도, 63545, 대한민국"
4610012a,20210814163000337,126.474273,33.403257,"1100로, 제주시, 제주특별자치도, 대한민국"
4610029b,20210814163000337,126.479127,33.498245,"도두이동, 제주시, 제주특별자치도, 63095, 대한민국"
4610054c,20210814163000337,126.356974,33.280633,"한창로, 상창리, 서귀포시, 제주특별자치도, 63538, 대한민국"
461006a6,20210814163000337,126.506585,33.291724,"산록남로, 영남동, 서귀포시, 제주특별자치도, 63565, 대한민국"
46101031,20210814163000337,126.459487,33.499747,"도리로, 이호이동, 현사마을, 제주시, 제주특별자치도, 63112, 대한민국"
461010b1,20210814163000337,126.540711,33.504565,"가령골길, 일도이동, 제주시, 제주특별자치도, 63254, 대한민국"
461011bb,20210814163000337,126.577768,33.254958,"까망돼지서귀포점, 8524, 일주동로, 서귀포시, 제주특별자치도, 63588, 대한민국"
461011e8,20210814163000337,126.506277,33.515365,"용마로4길, 용담삼동, 제주시, 제주특별자치도, 63156, 대한민국"
461006a7,20210814163000369,126.480063,33.484864,"이마트(신제주점), 3348, 1100로, 노형동, 제주시, 제주특별자치도, 63087, 대한민국"
461017fd,20210814163000369,126.91278,33.503566,"해맞이해안로, 하도리, 제주시, 제주특별자치도, 63639, 대한민국"
461002a1,20210814163000384,126.49772,33.497795,"서광로, 오라삼동, 제주시, 제주특별자치도, 63125, 대한민국"
461002a1,20210814163000384,126.49772,33.497795,"서광로, 오라삼동, 제주시, 제주특별자치도, 63125, 대한민국"
461002d5,20210814163000384,126.483319,33.474263,"1100로, 노형동, 제주시, 제주특별자치도, 63087, 대한민국"
4610033f,20210814163000384,126.340078,33.46314,"고내리교차로, 일주서로, 고내리, 제주시, 제주특별자치도, 63044, 대한민국"
461004eb,20210814163000384,126.496608,33.505494,"용문로, 용담이동, 제주시, 제주특별자치도, 63115, 대한민국"
461004eb,20210814163000384,126.496608,33.505494,"용문로, 용담이동, 제주시, 제주특별자치도, 63115, 대한민국"
4610054c,20210814163000384,126.356974,33.280633,"한창로, 상창리, 서귀포시, 제주특별자치도, 63538, 대한민국"
4610058e,20210814163000384,126.264319,33.268507,"중산간서로, 신평리, 서귀포시, 제주특별자치도, 63517, 대한민국"
46101051,20210814163000384,126.597648,33.520403,"연삼로, 삼양일동, 제주시, 제주특별자치도, 63318, 대한민국"
4610109d,20210814163000384,180.0000001,90.0000001,
461011b0,20210814163000384,126.35082,33.472515,"다인 오세아노 호텔, 애월해안로, 고내리, 제주시, 제주특별자치도, 63046, 대한민국"
461011bb,20210814163000384,126.577768,33.254958,"까망돼지서귀포점, 8524, 일주동로, 서귀포시, 제주특별자치도, 63588, 대한민국"
4610134a,20210814163000384,180.0000001,90.0000001,
461017a6,20210814163000384,126.458671,33.24237,"이어도로, 월평동, 서귀포시, 제주특별자치도, 63563, 대한민국"
4610181d,20210814163000384,126.695378,33.280752,"일주동로, 남원리, 서귀포시, 제주특별자치도, 63610, 대한민국"
461002db,20210814163000400,126.354411,33.354044,"월각로, 제주시, 제주특별자치도, 63038, 대한민국"
4610035b,20210814163000400,126.416217,33.258082,"고집돌활우럭전문점, 879, 일주서로, 색달동, 서귀포시, 제주특별자치도, 63545, 대한민국"
461004a8,20210814163000400,126.244231,33.397153,"한림로, 옹포리, 제주시, 제주특별자치도, 63011, 대한민국"
46100528,20210814163000400,126.886671,33.385951,"환해장성로, 신산리, 서귀포시, 제주특별자치도, 63634, 대한민국"
46100568,20210814163000400,126.241624,33.394933,"커핀그루나루 데이빗에디션 협재점, 361, 한림로, 옹포리, 제주시, 제주특별자치도, 63011, 대한민국"
461006da,20210814163000400,126.204332,33.367564,"일주서로, 판포리, 제주시, 제주특별자치도, 63002, 대한민국"
461007a7,20210814163000400,126.486823,33.490341,"도령로, 제주시, 제주특별자치도, 63081, 대한민국"
461007a7,20210814163000400,126.486823,33.490341,"도령로, 제주시, 제주특별자치도, 63081, 대한민국"
46100817,20210814163000400,126.926893,33.431128,"섭지코지로, 신양리, 서귀포시, 제주특별자치도, 63641, 대한민국"
46100fde,20210814163000400,126.356423,33.281503,"한창로, 상창리, 서귀포시, 제주특별자치도, 63522, 대한민국"
4610101d,20210814163000400,126.814189,33.368068,"번영로, 하천리, 서귀포시, 제주특별자치도, 63635, 대한민국"
46101051,20210814163000400,126.597648,33.520403,"연삼로, 삼양일동, 제주시, 제주특별자치도, 63318, 대한민국"
46101078,20210814163000400,180.0000001,90.0000001,
46101130,20210814163000400,126.565051,33.503534,"번영로, 화북이동, 제주시, 제주특별자치도, 63293, 대한민국"
46101172,20210814163000400,180.0000001,90.0000001,
461011a3,20210814163000400,126.236651,33.336922,"용금로, 아홉굿마을, 한경면, 제주시, 제주특별자치도, 63004, 대한민국"
461012be,20210814163000400,126.339699,33.462972,"일주서로, 고내리, 제주시, 제주특별자치도, 63044, 대한민국"
461012ef,20210814163000400,180.0000001,90.0000001,
46101309,20210814163000400,126.857002,33.392013,"중산간동로, 난산리, 서귀포시, 제주특별자치도, 63635, 대한민국"
4610179c,20210814163000400,126.36885,33.471957,"일주서로, 애월리, 제주시, 제주특별자치도, 63044, 대한민국"
461017dc,20210814163000400,126.490917,33.489224,"공영주차장, 은남1길, 제주시, 제주특별자치도, 63125, 대한민국"
461017e4,20210814163000400,126.802125,33.439407,"금백조로, 수산리, 서귀포시, 제주특별자치도, 63631, 대한민국"
4610180b,20210814163000400,126.840099,33.528634,"일주동로, 행원리, 제주시, 제주특별자치도, 63360, 대한민국"
4610180b,20210814163000400,126.840099,33.528634,"일주동로, 행원리, 제주시, 제주특별자치도, 63360, 대한민국"
46101897,20210814163000400,126.475467,33.258912,"중산간서로, 도순동, 서귀포시, 제주특별자치도, 63561, 대한민국"
461018f0,20210814163000400,126.836576,33.327093,"탐라뚝배기, 127, 표선백사로, 당포마을, 표선리, 서귀포시, 제주특별자치도, 63629, 대한민국"
46101984,20210814163000400,126.28986,33.442219,"일주서로, 귀덕리, 제주시, 제주특별자치도, 63034, 대한민국"
46100164,20210814163000415,126.308184,33.250399,"사계로114번길, 사계리, 서귀포시, 제주특별자치도, 63528, 대한민국"
461002db,20210814163000415,126.354411,33.354044,"월각로, 제주시, 제주특별자치도, 63038, 대한민국"
46100393,20210814163000415,126.462661,33.290607,"산록남로, 서귀포시, 제주특별자치도, 63553, 대한민국"
461004f3,20210814163000415,126.38006,33.307248,"병악로, 상창리, 서귀포시, 제주특별자치도, 63529, 대한민국"
461006a7,20210814163000415,126.480063,33.484864,"이마트(신제주점), 3348, 1100로, 노형동, 제주시, 제주특별자치도, 63087, 대한민국"
461007a7,20210814163000415,126.486823,33.490341,"도령로, 제주시, 제주특별자치도, 63081, 대한민국"
461007fb,20210814163000415,126.479941,33.484703,"노형14길, 제주시, 제주특별자치도, 63083, 대한민국"
46100fb0,20210814163000415,126.305885,33.349613,"한창로, 금악리, 제주시, 제주특별자치도, 63018, 대한민국"
46101130,20210814163000415,126.565051,33.503534,"번영로, 화북이동, 제주시, 제주특별자치도, 63293, 대한민국"
46101199,20210814163000415,126.487424,33.518017,"서해안로, 용담삼동, 제주시, 제주특별자치도, 63114, 대한민국"
46101226,20210814163000415,126.62065,33.262226,"효돈수제돈까스, 8106, 일주동로, 하효동, 서귀포시, 제주특별자치도, 63606, 대한민국"
4610133f,20210814163000415,180.0000001,90.0000001,
46100264,20210814163000431,126.487076,33.454274,"제주도립미술관입구, 1100로, 제주시, 제주특별자치도, 63142, 대한민국"
46100350,20210814163000431,126.37254,33.385488,"평화로, 제주시, 제주특별자치도, 63038, 대한민국"
461003bc,20210814163000431,126.312914,33.462712,"애월로, 애월리, 제주시, 제주특별자치도, 63043, 대한민국"
461011ac,20210814163000431,180.0000001,90.0000001,
46101226,20210814163000431,126.62065,33.262226,"효돈수제돈까스, 8106, 일주동로, 하효동, 서귀포시, 제주특별자치도, 63606, 대한민국"
461017f4,20210814163000431,126.479264,33.497703,"도두이동, 제주시, 제주특별자치도, 63095, 대한민국"
4610012d,20210814163000447,126.490803,33.478671,"국기로2길, 연동, 제주시, 제주특별자치도, 63142, 대한민국"
4610026b,20210814163000447,126.283867,33.396217,"중산간서로, 상대리, 제주시, 제주특별자치도, 63014, 대한민국"
46101055,20210814163000447,126.56661,33.247642,"삼다숯불갈비, 43, 명동로, 서귀동, 서귀포시, 제주특별자치도, 63591, 대한민국"
461011ac,20210814163000447,180.0000001,90.0000001,
461011d2,20210814163000447,126.175851,33.343915,"한경해안로, 신창리, 제주시, 제주특별자치도, 63002, 대한민국"
461011fc,20210814163000447,126.496047,33.261117,"중산간서로, 서귀포시, 제주특별자치도, 63565, 대한민국"
46101246,20210814163000447,126.651227,33.48575,"남조로, 대흘리, 제주시, 제주특별자치도, 63343, 대한민국"
461012f1,20210814163000447,126.495913,33.505847,"제주국제공항, 2, 공항로, 제주시, 제주특별자치도, 63115, 대한민국"
46101962,20210814163000447,126.518679,33.24765,"일주동로, 법환동, 서귀포시, 제주특별자치도, 63572, 대한민국"
46101962,20210814163000447,126.518679,33.24765,"일주동로, 법환동, 서귀포시, 제주특별자치도, 63572, 대한민국"
46100476,20210814163000462,126.553432,33.247896,"태평로, 서귀포시, 제주특별자치도, 63592, 대한민국"
46100494,20210814163000462,126.490775,33.490299,"삼무로3길, 제주시, 제주특별자치도, 63125, 대한민국"
4610053e,20210814163000462,126.46033,33.495137,"일주서로, 이호일동, 제주시, 제주특별자치도, 63095, 대한민국"
46100545,20210814163000462,126.485933,33.502798,"도두이동, 제주시, 제주특별자치도, 63115, 대한민국"
46100605,20210814163000462,126.438119,33.494171,"일주서로, 내도동, 현사마을, 제주시, 제주특별자치도, 63074, 대한민국"
46100781,20210814163000462,126.382101,33.26406,"일주서로, 상예동, 창천리, 서귀포시, 제주특별자치도, 63537, 대한민국"
46100fde,20210814163000462,126.356423,33.281503,"한창로, 상창리, 서귀포시, 제주특별자치도, 63522, 대한민국"
46101117,20210814163000462,126.276212,33.440496,"한림해안로, 수원리, 제주시, 제주특별자치도, 63024, 대한민국"
461011f0,20210814163000462,126.395622,33.26867,"중산간서로, 서귀포시, 제주특별자치도, 63537, 대한민국"
46101774,20210814163000462,126.508607,33.516238,"모드락, 서해안로, 용담삼동, 제주시, 제주특별자치도, 63114, 대한민국"
4610180e,20210814163000462,126.503321,33.499487,"서광로, 오라삼동, 제주시, 제주특별자치도, 63184, 대한민국"
4610196e,20210814163000462,126.501035,33.46596,"종천길, 제주시, 제주특별자치도, 63147, 대한민국"
46100364,20210814163000478,126.268546,33.412225,"한림상로, 한림리, 제주시, 제주특별자치도, 63029, 대한민국"
461006e2,20210814163000478,126.316983,33.292332,"서광리, 서귀포시, 제주특별자치도, 63522, 대한민국"
46101001,20210814163000478,126.168083,33.341817,"한경해안로, 신창리, 제주시, 제주특별자치도, 63002, 대한민국"
461010f6,20210814163000478,126.619751,33.407149,"516로, 제주마방목지, 제주시, 제주특별자치도, 63243, 대한민국"
461012f1,20210814163000478,126.495913,33.505847,"제주국제공항, 2, 공항로, 제주시, 제주특별자치도, 63115, 대한민국"
4610130f,20210814163000478,126.413735,33.254233,"한국맥도날드(유)제주중문DT점, 38, 중문관광로, 서귀포시, 제주특별자치도, 63535, 대한민국"
461017f9,20210814163000478,126.507225,33.249716,"일주서로, 서귀포시, 제주특별자치도, 63572, 대한민국"
461017f9,20210814163000478,126.507225,33.249716,"일주서로, 서귀포시, 제주특별자치도, 63572, 대한민국"
461018ca,20210814163000478,126.546374,33.51111,"동광로, 일도이동, 제주시, 제주특별자치도, 63254, 대한민국"
46100753,20210814163000494,126.537795,33.499702,"남춘식당, 064-702-2588, 청귤로, 제주시, 제주특별자치도, 63211, 대한민국"
46100ffc,20210814163000494,126.317508,33.250639,"일주서로, 화순리, 서귀포시, 제주특별자치도, 63528, 대한민국"
46101128,20210814163000494,126.406254,33.258058,"목포고을본점, 968-5, 일주서로, 색달동, 서귀포시, 제주특별자치도, 63545, 대한민국"
46101145,20210814163000494,126.483487,33.496592,"rainbow car rental, 제성1길, 도두이동, 제주시, 제주특별자치도, 63095, 대한민국"
46101191,20210814163000494,126.483327,33.496558,"rainbow car rental, 제성1길, 도두이동, 제주시, 제주특별자치도, 63095, 대한민국"
461012f8,20210814163000494,126.634051,33.264067,"일주동로, 서귀포시, 제주특별자치도, 63606, 대한민국"
461017f7,20210814163000494,126.46449,33.498904,"도공로, 도두일동, 제주시, 제주특별자치도, 63112, 대한민국"
4610180b,20210814163000494,126.840099,33.528634,"일주동로, 행원리, 제주시, 제주특별자치도, 63360, 대한민국"
4610180e,20210814163000494,126.503321,33.499487,"서광로, 오라삼동, 제주시, 제주특별자치도, 63184, 대한민국"
46101842,20210814163000494,126.31893,33.310387,"Jeju Shinhwa World, 38, 신화역사로, 서광리, 서귀포시, 제주특별자치도, 63522, 대한민국"
4610190c,20210814163000494,126.328675,33.286574,"중산간서로1813번길, 덕수리, 서귀포시, 제주특별자치도, 63529, 대한민국"
46100283,20210814163000509,126.665019,33.469876,"번영로, 제주시, 제주특별자치도, 63343, 대한민국"
46100283,20210814163000509,126.665019,33.469876,"번영로, 제주시, 제주특별자치도, 63343, 대한민국"
4610035d,20210814163000509,126.457609,33.46512,"애조로, 제주시, 제주특별자치도, 63103, 대한민국"
461003cf,20210814163000509,126.685343,33.394464,"남조로, 수망리, 서귀포시, 제주특별자치도, 대한민국"
4610043a,20210814163000509,126.425923,33.242405,"이어도로, 서귀포시, 제주특별자치도, 63545, 대한민국"
46100fa9,20210814163000509,126.743796,33.551325,"일주동로, 김녕리, 제주시, 제주특별자치도, 63357, 대한민국"
46101076,20210814163000509,126.482148,33.496626,"제성1길, 도두이동, 제주시, 제주특별자치도, 63095, 대한민국"
461010a5,20210814163000509,126.506546,33.500723,"한천로, 오라삼동, 제주시, 제주특별자치도, 63184, 대한민국"
461010a5,20210814163000509,126.506546,33.500723,"한천로, 오라삼동, 제주시, 제주특별자치도, 63184, 대한민국"
46101130,20210814163000509,126.565051,33.503534,"번영로, 화북이동, 제주시, 제주특별자치도, 63293, 대한민국"
4610120e,20210814163000509,126.577032,33.254918,"516로, 서귀포시, 제주특별자치도, 63588, 대한민국"
461012c9,20210814163000509,126.3214,33.310287,"신화역사로, 서광리, 서귀포시, 제주특별자치도, 63522, 대한민국"
461012f7,20210814163000509,126.418477,33.245244,"중문관광로, 서귀포시, 제주특별자치도, 63535, 대한민국"
46101305,20210814163000509,126.585348,33.267769,"516로, 토평동, 서귀포시, 제주특별자치도, 63603, 대한민국"
46101334,20210814163000509,126.597059,33.488981,"카페봄봄, 524, 번영로, 봉개동, 제주시, 제주특별자치도, 63327, 대한민국"
46101334,20210814163000509,126.597059,33.488981,"카페봄봄, 524, 번영로, 봉개동, 제주시, 제주특별자치도, 63327, 대한민국"
461017be,20210814163000509,126.56129,33.253015,"101 Express Bus - Jeju si, 일주동로, 서귀동, 서귀포시, 제주특별자치도, 63584, 대한민국"
461018df,20210814163000509,126.551167,33.45009,"제주시, 제주특별자치도, 63244, 대한민국"
46100350,20210814163000525,126.37254,33.385488,"평화로, 제주시, 제주특별자치도, 63038, 대한민국"
4610036b,20210814163000525,126.49486,33.249943,"일주서로, 강정동, 서귀포시, 제주특별자치도, 63565, 대한민국"
4610120e,20210814163000525,126.577032,33.254918,"516로, 서귀포시, 제주특별자치도, 63588, 대한민국"
461012ab,20210814163000525,126.682115,33.487251,"와선로, 와산리, 제주시, 제주특별자치도, 63343, 대한민국"
461012e1,20210814163000525,126.50532,33.500119,"서광로, 오라삼동, 제주시, 제주특별자치도, 63184, 대한민국"
461017be,20210814163000525,126.56129,33.253015,"101 Express Bus - Jeju si, 일주동로, 서귀동, 서귀포시, 제주특별자치도, 63584, 대한민국"
461003c6,20210814163000541,126.708682,33.282032,"일주동로, 비안동, 남원리, 서귀포시, 제주특별자치도, 63621, 대한민국"
46100443,20210814163000541,126.410565,33.425894,"평화로, 유수암리, 제주시, 제주특별자치도, 63067, 대한민국"
46100553,20210814163000541,126.484598,33.513272,"서해안로, 용담삼동, 제주시, 제주특별자치도, 63114, 대한민국"
4610057b,20210814163000541,126.912904,33.444544,"일주동로, 고성리, 서귀포시, 제주특별자치도, 63640, 대한민국"
461011e0,20210814163000541,126.40526,33.258334,"맛있는밥상, 996, 일주서로, 색달동, 창천리, 서귀포시, 제주특별자치도, 63537, 대한민국"
461017ad,20210814163000541,126.336206,33.444989,"애원로, 납읍리, 제주시, 제주특별자치도, 63035, 대한민국"
46100443,20210814163000556,126.410565,33.425894,"평화로, 유수암리, 제주시, 제주특별자치도, 63067, 대한민국"
46100443,20210814163000556,126.410565,33.425894,"평화로, 유수암리, 제주시, 제주특별자치도, 63067, 대한민국"
46100608,20210814163000556,126.505642,33.489787,"연미길, 오라삼동, 제주시, 제주특별자치도, 63148, 대한민국"
4610115a,20210814163000556,126.401525,33.41609,"평화로, 유수암리, 제주시, 제주특별자치도, 63067, 대한민국"
46101376,20210814163000556,126.502543,33.512685,"용해로, 용담이동, 제주시, 제주특별자치도, 63161, 대한민국"
46100442,20210814163000572,126.835965,33.43612,"금백조로, 수산리, 서귀포시, 제주특별자치도, 63631, 대한민국"
461005ae,20210814163000572,126.906096,33.468566,"일주동로, 오조리, 서귀포시, 제주특별자치도, 63639, 대한민국"
4610110e,20210814163000572,126.48163,33.464227,"애조로, 제주시, 제주특별자치도, 63142, 대한민국"
4610110e,20210814163000572,126.48163,33.464227,"애조로, 제주시, 제주특별자치도, 63142, 대한민국"
46101122,20210814163000572,126.851235,33.425547,"서성일로, 수산리, 서귀포시, 제주특별자치도, 63631, 대한민국"
461012ec,20210814163000572,126.469048,33.505956,"도두봉 섬머리, 197, 서해안로, 도두일동, 제주시, 제주특별자치도, 63112, 대한민국"
46101772,20210814163000572,126.390657,33.408811,"평화로, 제주시, 제주특별자치도, 63067, 대한민국"
46101784,20210814163000572,126.349996,33.28236,"세계자동차제주박물관, 중산간서로, 상창리, 서귀포시, 제주특별자치도, 63522, 대한민국"
461000eb,20210814163000587,126.28941,33.441944,"일주서로, 귀덕리, 제주시, 제주특별자치도, 63024, 대한민국"
461000ec,20210814163000587,126.492057,33.495888,"다호길, 도두이동, 제주시, 제주특별자치도, 63115, 대한민국"
46100269,20210814163000587,126.340781,33.310241,"1116, 동광리, 서귀포시, 제주특별자치도, 대한민국"
46100482,20210814163000587,126.314624,33.310043,"Jeju Shinhwa World, 38, 신화역사로, 서광리, 서귀포시, 제주특별자치도, 63522, 대한민국"
46100503,20210814163000587,126.561789,33.248232,"한스델리서귀포점, 7, 중앙로42번길, 서귀동, 서귀포시, 제주특별자치도, 63591, 대한민국"
461010f2,20210814163000587,126.589868,33.268017,"해수정, 7739, 중산간동로, 토평동, 서귀포시, 제주특별자치도, 63603, 대한민국"
46101219,20210814163000587,126.263531,33.398616,"일주서로, 한림읍, 제주시, 제주특별자치도, 63014, 대한민국"
461003f0,20210814163000603,126.493517,33.506672,"제주국제공항, 2, 공항로, 제주시, 제주특별자치도, 63115, 대한민국"
461004c4,20210814163000603,126.315563,33.463594,"애월리, 제주시, 제주특별자치도, 63043, 대한민국"
46100556,20210814163000603,126.427977,33.245148,"중문관광로, 서귀포시, 제주특별자치도, 63545, 대한민국"
4610081c,20210814163000603,126.435342,33.446826,"평화로, 광령리, 제주시, 제주특별자치도, 63062, 대한민국"
461012e1,20210814163000603,126.50532,33.500119,"서광로, 오라삼동, 제주시, 제주특별자치도, 63184, 대한민국"
46101772,20210814163000603,126.390657,33.408811,"평화로, 제주시, 제주특별자치도, 63067, 대한민국"
4610186a,20210814163000603,126.826792,33.508741,"비자림로, 평대리, 제주시, 제주특별자치도, 63359, 대한민국"
4610104a,20210814163000619,126.868391,33.516456,"하도리, 제주시, 제주특별자치도, 63362, 대한민국"
4610109b,20210814163000619,126.891414,33.52168,"문주란로, 하도리, 제주시, 제주특별자치도, 63362, 대한민국"
46101144,20210814163000619,126.414804,33.245368,"퍼시픽랜드 1주차장, 154-17, 중문관광로, 서귀포시, 제주특별자치도, 63535, 대한민국"
4610115f,20210814163000619,126.347239,33.46561,"일주서로, 고내리, 제주시, 제주특별자치도, 63044, 대한민국"
4610123c,20210814163000619,126.388852,33.264632,"일주서로, 색달동, 창천리, 서귀포시, 제주특별자치도, 63537, 대한민국"
461012ee,20210814163000619,126.735928,33.435885,"번영로, 제주시, 제주특별자치도, 대한민국"
461012ee,20210814163000619,126.735928,33.435885,"번영로, 제주시, 제주특별자치도, 대한민국"
461018a7,20210814163000619,126.282046,33.285869,"제주영어교육도시개발지구, 구억리, 서귀포시, 제주특별자치도, 63520, 대한민국"
461000de,20210814163000634,126.467216,33.290646,"산록남로, 서귀포시, 제주특별자치도, 63553, 대한민국"
461003d4,20210814163000634,126.494206,33.518578,"제주카페거리(어영마을), 제주시, 제주특별자치도, 63114, 대한민국"
46100451,20210814163000634,126.291125,33.363625,"중산간서로, 금악리, 제주시, 제주특별자치도, 63018, 대한민국"
46100499,20210814163000634,126.466701,33.485996,"월광로, 이호일동, 제주시, 제주특별자치도, 63095, 대한민국"
461011d1,20210814163000634,129.148572,35.160999,"해운대로, 우동, 우1동, 해운대구, 부산광역시, 48065, 대한민국"
46101809,20210814163000634,126.332991,33.236513,"화순항, 화순해안로106번길, 화순리, 감산리, 서귀포시, 제주특별자치도, 63530, 대한민국"
46100231,20210814163000650,126.671827,33.469686,"번영로, 제주시, 제주특별자치도, 63343, 대한민국"
46100748,20210814163000650,126.570541,33.245131,"서복전시관 주차장, 칠십리로, 서귀동, 서귀포시, 제주특별자치도, 63596, 대한민국"
46100fd0,20210814163000650,126.7722,33.529453,"만장굴길, 제주시, 제주특별자치도, 63358, 대한민국"
4610115a,20210814163000650,126.401525,33.41609,"평화로, 유수암리, 제주시, 제주특별자치도, 63067, 대한민국"
461011f7,20210814163000650,126.810822,33.491111,"비자림 청소년 수련원, 비자숲길, 구좌읍, 제주시, 제주특별자치도, 대한민국"
4610122c,20210814163000650,126.490999,33.250099,"일주서로, 강정동, 서귀포시, 제주특별자치도, 63565, 대한민국"
4610182e,20210814163000650,126.897391,33.407688,"일주동로, 온평리, 서귀포시, 제주특별자치도, 63641, 대한민국"
46101983,20210814163000650,126.377916,33.39763,"평화로, 제주시, 제주특별자치도, 63038, 대한민국"
4610004e,20210814163000666,126.727929,33.441817,"번영로, 제주시, 제주특별자치도, 대한민국"
46100270,20210814163000666,126.297938,33.356398,"한창로, 금악리, 제주시, 제주특별자치도, 63018, 대한민국"
461003ab,20210814163000666,126.377097,33.389282,"Big Ball Land, 산록서로, 제주시, 제주특별자치도, 63038, 대한민국"
46100582,20210814163000666,126.344001,33.461096,"고하상로, 고내리, 제주시, 제주특별자치도, 63044, 대한민국"
4610081c,20210814163000666,126.435342,33.446826,"평화로, 광령리, 제주시, 제주특별자치도, 63062, 대한민국"
4610081c,20210814163000666,126.435342,33.446826,"평화로, 광령리, 제주시, 제주특별자치도, 63062, 대한민국"
461012dd,20210814163000666,126.372851,33.48019,"애월해안로, 구엄리, 제주시, 제주특별자치도, 63049, 대한민국"
461012eb,20210814163000666,126.30944,33.463485,"애월리, 제주시, 제주특별자치도, 63043, 대한민국"
4610192f,20210814163000666,126.505563,33.489644,"연미길, 오라삼동, 제주시, 제주특별자치도, 63148, 대한민국"
4610010c,20210814163000681,126.345139,33.396316,"아르떼뮤지엄 ARTE MUSEUM, 478, 금가로, 상가리, 제주시, 제주특별자치도, 63038, 대한민국"
4610015b,20210814163000681,126.496688,33.49256,"신대로, 제주시, 제주특별자치도, 63122, 대한민국"
4610063a,20210814163000681,126.520357,33.515071,"무근성1길, 탑동, 제주시, 제주특별자치도, 63167, 대한민국"
4610109a,20210814163000681,126.455403,33.464154,"노형로, 제주시, 제주특별자치도, 63103, 대한민국"
4610110b,20210814163000681,126.823668,33.505978,"비자림로, 평대리, 제주시, 제주특별자치도, 63360, 대한민국"
461012a0,20210814163000681,180.0000001,90.0000001,
46101793,20210814163000681,126.471212,33.49539,"오일장중길, 제주시, 제주특별자치도, 63095, 대한민국"
46101956,20210814163000681,126.335863,33.46681,"애월해안로, 고내리, 제주시, 제주특별자치도, 63044, 대한민국"
4610196c,20210814163000681,126.514268,33.512278,"용연교, 용담일동, 제주시, 제주특별자치도, 63153, 대한민국"
46100437,20210814163000697,126.258937,33.409145,"한림로, 한림리, 제주시, 제주특별자치도, 63032, 대한민국"
4610050d,20210814163000697,126.709868,33.281205,"남한로21번길, 남원리, 서귀포시, 제주특별자치도, 63621, 대한민국"
461007e0,20210814163000697,126.292437,33.362372,"중산간서로, 금악리, 제주시, 제주특별자치도, 63018, 대한민국"
4610109a,20210814163000697,126.455403,33.464154,"노형로, 제주시, 제주특별자치도, 63103, 대한민국"
461010aa,20210814163000697,126.862949,33.436665,"서성일로747번길, 수산리, 서귀포시, 제주특별자치도, 63631, 대한민국"
4610130b,20210814163000697,126.582192,33.261709,"516로, 토평동, 서귀포시, 제주특별자치도, 63603, 대한민국"
46101336,20210814163000697,126.491974,33.495767,"다호길, 도두이동, 제주시, 제주특별자치도, 63115, 대한민국"
46101362,20210814163000697,180.0000001,90.0000001,
46101362,20210814163000697,180.0000001,90.0000001,
461017ba,20210814163000697,126.364107,33.233689,"올레길 8코스(월평-대평 올레), 색달동, 소기왓, 대평리, 서귀포시, 제주특별자치도, 63538, 대한민국"
46100368,20210814163000712,126.925025,33.454224,"일출로, 성산리, 서귀포시, 제주특별자치도, 63643, 대한민국"
4610076a,20210814163000712,126.924793,33.434728,"신양리, 서귀포시, 제주특별자치도, 63641, 대한민국"
46100783,20210814163000712,126.470246,33.493853,"일주서로, 이호일동, 제주시, 제주특별자치도, 63095, 대한민국"
461008ac,20210814163000712,126.219061,33.376015,"일주서로, 협재리, 제주시, 제주특별자치도, 63014, 대한민국"
4610100b,20210814163000712,126.526453,33.516492,"칠성로 차없는 거리, 8, 임항로, 탑동, 제주시, 제주특별자치도, 63165, 대한민국"
461010c4,20210814163000712,126.444107,33.461086,"중산간서로, 광령리, 제주시, 제주특별자치도, 63062, 대한민국"
4610177b,20210814163000712,126.325516,33.289666,"평화로, 안덕면, 서귀포시, 제주특별자치도, 63522, 대한민국"
46101803,20210814163000712,126.311267,33.459641,"옛날식당, 11, 애월로, 애월리, 제주시, 제주특별자치도, 63043, 대한민국"
4610182e,20210814163000712,126.897391,33.407688,"일주동로, 온평리, 서귀포시, 제주특별자치도, 63641, 대한민국"
4610186d,20210814163000712,126.586888,33.521282,"일주동로, 삼양이동, 제주시, 제주특별자치도, 63318, 대한민국"
4610015b,20210814163000728,126.496688,33.49256,"신대로, 제주시, 제주특별자치도, 63122, 대한민국"
461001a2,20210814163000728,126.373185,33.451065,"중산간서로, 애월읍, 제주시, 제주특별자치도, 63046, 대한민국"
461002eb,20210814163000728,126.526114,33.509948,"성지로, 일도일동, 제주시, 제주특별자치도, 63193, 대한민국"
461003d7,20210814163000728,126.294576,33.357867,"중산간서로, 금악리, 제주시, 제주특별자치도, 63018, 대한민국"
46100431,20210814163000728,126.407038,33.258021,"목포고을본점, 968-5, 일주서로, 색달동, 서귀포시, 제주특별자치도, 63545, 대한민국"
46100514,20210814163000728,126.486347,33.502386,"도두이동, 제주시, 제주특별자치도, 63115, 대한민국"
461006ae,20210814163000728,126.798347,33.554967,"Ollegil 20, 월정리, 제주시, 제주특별자치도, 63358, 대한민국"
4610075e,20210814163000728,126.528813,33.512263,"동문로6길, 일도일동, 제주시, 제주특별자치도, 63192, 대한민국"
4610101e,20210814163000728,126.511804,33.481211,"연북로, 제주시, 제주특별자치도, 63147, 대한민국"
4610101e,20210814163000728,126.511804,33.481211,"연북로, 제주시, 제주특별자치도, 63147, 대한민국"
46101026,20210814163000728,126.927563,33.430149,"휘닉스아일랜드, 섭지코지로, 신양리, 서귀포시, 제주특별자치도, 63641, 대한민국"
46101077,20210814163000728,126.580336,33.301309,"돈내코유원지, 배남골로, 상효동, 서귀포시, 제주특별자치도, 63603, 대한민국"
46101084,20210814163000728,126.60568,33.522728,"일주동로, 삼양일동, 신촌리, 제주시, 제주특별자치도, 63337, 대한민국"
461010c6,20210814163000728,126.517663,33.490947,"오남로6길, 오라일동, 제주시, 제주특별자치도, 63148, 대한민국"
4610123d,20210814163000728,126.671142,33.542678,"함덕해수욕장 관리센터 (관리사무소 동쪽), 526, 조함해안로, 함덕리, 제주시, 제주특별자치도, 63333, 대한민국"
4610027b,20210814163000744,126.528864,33.51207,"동문로6길, 일도일동, 제주시, 제주특별자치도, 63192, 대한민국"
461007fe,20210814163000744,126.28387,33.371348,"중산간서로, 명월리, 제주시, 제주특별자치도, 63018, 대한민국"
46101000,20210814163000744,126.329583,33.309596,"신화역사로, 서광리, 서귀포시, 제주특별자치도, 63522, 대한민국"
461010b5,20210814163000744,126.565844,33.503252,"번영로, 화북이동, 제주시, 제주특별자치도, 63293, 대한민국"
4610122a,20210814163000744,126.75025,33.433583,"번영로, 제주시, 제주특별자치도, 대한민국"
46101263,20210814163000744,126.442434,33.493238,"내도동 동마을, 일주서로, 내도동, 현사마을, 제주시, 제주특별자치도, 63074, 대한민국"
461012dc,20210814163000744,126.45681,33.50283,"서해안로, 이호이동, 현사마을, 제주시, 제주특별자치도, 63108, 대한민국"
461017cf,20210814163000744,126.715372,33.316908,"의귀로, 의귀리, 서귀포시, 제주특별자치도, 63621, 대한민국"
46101914,20210814163000744,126.762942,33.551561,"일주동로, 김녕리, 제주시, 제주특별자치도, 63357, 대한민국"
461000ff,20210814163000759,126.414596,33.255955,"제주오성본점, 27, 중문관광로, 색달동, 서귀포시, 제주특별자치도, 63535, 대한민국"
46100207,20210814163000759,126.371148,33.380196,"평화로, 제주시, 제주특별자치도, 63038, 대한민국"
46100fc4,20210814163000759,126.457209,33.466178,"노형로, 제주시, 제주특별자치도, 63103, 대한민국"
4610015b,20210814163000791,126.496688,33.49256,"신대로, 제주시, 제주특별자치도, 63122, 대한민국"
461002e3,20210814163000791,126.80306,33.377196,"번영로, 하천리, 서귀포시, 제주특별자치도, 63635, 대한민국"
46100396,20210814163000791,126.304804,33.449499,"곽지리, 제주시, 제주특별자치도, 63034, 대한민국"
46100425,20210814163000791,126.49313,33.51972,"쌍알횟집, 500, 서해안로, 용담삼동, 제주시, 제주특별자치도, 63114, 대한민국"
46100542,20210814163000791,126.29054,33.442525,"일주서로, 귀덕리, 제주시, 제주특별자치도, 63034, 대한민국"
46100567,20210814163000791,126.772665,33.466283,"비자림로, 송당리, 제주시, 제주특별자치도, 대한민국"
46100572,20210814163000791,126.879269,33.384676,"일주동로, 신산리, 서귀포시, 제주특별자치도, 63634, 대한민국"
46100706,20210814163000791,126.531703,33.513151,"동문로, 일도일동, 제주시, 제주특별자치도, 63278, 대한민국"
4610079f,20210814163000791,126.50331,33.503839,"제주 OK 렌트카 Rent-A-Car Juju OK, 월성로2길, 용담이동, 제주시, 제주특별자치도, 63161, 대한민국"
461008ab,20210814163000791,126.467741,33.478018,"노형로, 노형동, 제주시, 제주특별자치도, 63103, 대한민국"
46100ffd,20210814163000791,126.701677,33.273502,"금호 제주 리조트, 태위로510번길, 남원리, 서귀포시, 제주특별자치도, 63621, 대한민국"
4610100d,20210814163000791,126.83519,33.521488,"비자림로, 평대리, 제주시, 제주특별자치도, 63359, 대한민국"
46101074,20210814163000791,180.0000001,90.0000001,
461010b5,20210814163000791,126.565844,33.503252,"번영로, 화북이동, 제주시, 제주특별자치도, 63293, 대한민국"
461010bc,20210814163000791,126.488154,33.50396,"다호북길, 도두이동, 제주시, 제주특별자치도, 63115, 대한민국"
4610112c,20210814163000791,126.528843,33.51252,"동문로6길, 일도일동, 제주시, 제주특별자치도, 63192, 대한민국"
4610117f,20210814163000791,126.710462,33.451321,"번영로, 제주시, 제주특별자치도, 대한민국"
461011b9,20210814163000791,126.484931,33.469021,"1100로, 제주시, 제주특별자치도, 63142, 대한민국"
461011b9,20210814163000791,126.484931,33.469021,"1100로, 제주시, 제주특별자치도, 63142, 대한민국"
461011ea,20210814163000791,126.464319,33.292552,"1100로, 회수동, 서귀포시, 제주특별자치도, 63551, 대한민국"
4610129d,20210814163000791,126.508715,33.497144,"오라로, 오라삼동, 제주시, 제주특별자치도, 63148, 대한민국"
46101308,20210814163000791,126.838899,33.366563,"신풍리, 서귀포시, 제주특별자치도, 63635, 대한민국"
46101329,20210814163000791,126.433112,33.444729,"평화로, 광령리, 제주시, 제주특별자치도, 63062, 대한민국"
46101329,20210814163000791,126.433112,33.444729,"평화로, 광령리, 제주시, 제주특별자치도, 63062, 대한민국"
46101779,20210814163000791,126.526344,33.247318,"일주동로, 법환동, 서귀포시, 제주특별자치도, 63572, 대한민국"
46101799,20210814163000791,180.0000001,90.0000001,
461017b9,20210814163000791,126.214743,33.243553,"노을해안로, 영락리, 서귀포시, 제주특별자치도, 63500, 대한민국"
4610182f,20210814163000791,126.400962,33.481994,"일주서로, 하귀2리, 제주시, 제주특별자치도, 63051, 대한민국"
4610183a,20210814163000791,126.869406,33.370065,"일주동로, 신산리, 서귀포시, 제주특별자치도, 63634, 대한민국"
4610183a,20210814163000791,126.869406,33.370065,"일주동로, 신산리, 서귀포시, 제주특별자치도, 63634, 대한민국"
461018ad,20210814163000791,126.926074,33.430419,"섭지코지로, 신양리, 서귀포시, 제주특별자치도, 63641, 대한민국"
46101904,20210814163000791,126.310665,33.233392,"용머리휴게음식점, 28, 사계남로216번길, 사계리, 서귀포시, 제주특별자치도, 63528, 대한민국"
46101923,20210814163000791,126.569963,33.438477,"516로, 제주시, 제주특별자치도, 63244, 대한민국"
46101975,20210814163000791,126.542209,33.485819,"중앙로, 제주시, 제주특별자치도, 63231, 대한민국"
46101975,20210814163000791,126.542209,33.485819,"중앙로, 제주시, 제주특별자치도, 63231, 대한민국"
461001df,20210814163000806,126.510458,33.515575,"용담로7길, 용담일동, 제주시, 제주특별자치도, 63156, 대한민국"
4610021a,20210814163000806,126.164982,33.328749,"한경해안로, 신창리, 제주시, 제주특별자치도, 63002, 대한민국"
46100259,20210814163000806,126.470913,33.479796,"노형로, 노형동, 제주시, 제주특별자치도, 63103, 대한민국"
46100412,20210814163000806,126.597322,33.297214,"516로, 상효동, 서귀포시, 제주특별자치도, 63603, 대한민국"
46100577,20210814163000806,126.453663,33.463249,"노형로, 제주시, 제주특별자치도, 63103, 대한민국"
461008ab,20210814163000806,126.467741,33.478018,"노형로, 노형동, 제주시, 제주특별자치도, 63103, 대한민국"
46101779,20210814163000806,126.526344,33.247318,"일주동로, 법환동, 서귀포시, 제주특별자치도, 63572, 대한민국"
4610188f,20210814163000806,126.235357,33.389825,"올레길 14 (Ollegil 14), 협재리, 제주시, 제주특별자치도, 63011, 대한민국"
461000ee,20210814163000822,126.923868,33.435256,"섭지코지로, 신양리, 서귀포시, 제주특별자치도, 63641, 대한민국"
46100259,20210814163000822,126.470913,33.479796,"노형로, 노형동, 제주시, 제주특별자치도, 63103, 대한민국"
461003ba,20210814163000822,126.454732,33.496736,"도리로, 이호이동, 현사마을, 제주시, 제주특별자치도, 63108, 대한민국"
461003ff,20210814163000822,126.540533,33.513698,"동문로, 건입동, 제주시, 제주특별자치도, 63284, 대한민국"
46100552,20210814163000822,126.386135,33.30939,"병악로, 상창리, 서귀포시, 제주특별자치도, 63529, 대한민국"
46100577,20210814163000822,126.453663,33.463249,"노형로, 제주시, 제주특별자치도, 63103, 대한민국"
46100675,20210814163000822,126.205381,33.368373,"일주서로, 판포리, 제주시, 제주특별자치도, 63002, 대한민국"
46100fcd,20210814163000822,126.491395,33.490498,"41, 삼무로3길, 제주시, 제주특별자치도, 63125, 대한민국"
461012d1,20210814163000822,126.469869,33.494021,"일주서로, 이호일동, 제주시, 제주특별자치도, 63095, 대한민국"
46101329,20210814163000822,126.433112,33.444729,"평화로, 광령리, 제주시, 제주특별자치도, 63062, 대한민국"
46101922,20210814163000822,126.500174,33.49848,"서광로, 오라삼동, 제주시, 제주특별자치도, 63184, 대한민국"
4610192c,20210814163000822,126.47593,33.493684,"다나와컴퓨터 제주센터, 7772, 일주서로, 이호일동, 제주시, 제주특별자치도, 63095, 대한민국"
4610048e,20210814163000837,126.918924,33.444195,"섭지코지로25번길, 신양리, 서귀포시, 제주특별자치도, 63640, 대한민국"
46100656,20210814163000837,126.340068,33.468615,"라스또르따스, 274 1층, 애월해안로, 고내리, 제주시, 제주특별자치도, 63046, 대한민국"
4610110d,20210814163000837,126.901053,33.496216,"종달로1길, 종달리, 제주시, 제주특별자치도, 63639, 대한민국"
461011e9,20210814163000837,126.288698,33.3053,"Ollegil 14-1, 서광리, 서귀포시, 제주특별자치도, 63522, 대한민국"
461011e9,20210814163000837,126.288698,33.3053,"Ollegil 14-1, 서광리, 서귀포시, 제주특별자치도, 63522, 대한민국"
461011ef,20210814163000837,126.512187,33.500112,"동산교, 오라일동, 제주시, 제주특별자치도, 63184, 대한민국"
46101922,20210814163000837,126.500174,33.49848,"서광로, 오라삼동, 제주시, 제주특별자치도, 63184, 대한민국"
46100305,20210814163000853,126.554332,33.448476,"516로, 제주시, 제주특별자치도, 63244, 대한민국"
4610045b,20210814163000853,126.795969,33.393909,"성읍타운, 191, 성읍민속로, 성읍리, 서귀포시, 제주특별자치도, 63635, 대한민국"
4610048c,20210814163000853,126.305667,33.350935,"금악리, 제주시, 제주특별자치도, 63018, 대한민국"
46100535,20210814163000853,126.243798,33.39671,"협재리, 제주시, 제주특별자치도, 63011, 대한민국"
4610066a,20210814163000853,126.633695,33.316432,"서성로, 서귀포시, 제주특별자치도, 63611, 대한민국"
461006bb,20210814163000853,126.503437,33.499517,"서광로, 오라삼동, 제주시, 제주특별자치도, 63184, 대한민국"
4610075c,20210814163000853,126.265875,33.400737,"일주서로, 동명리, 제주시, 제주특별자치도, 63028, 대한민국"
46100899,20210814163000853,126.702355,33.273994,"금호 제주 리조트, 태위로510번길, 남원리, 서귀포시, 제주특별자치도, 63621, 대한민국"
46101097,20210814163000853,126.519137,33.25482,"서호동, 서귀포시, 제주특별자치도, 63566, 대한민국"
4610113c,20210814163000853,126.465475,33.363025,"1100로, 제주시, 제주특별자치도, 63551, 대한민국"
461011ef,20210814163000853,126.512187,33.500112,"동산교, 오라일동, 제주시, 제주특별자치도, 63184, 대한민국"
46101245,20210814163000853,126.935094,33.461106,"일출로, 성산리, 서귀포시, 제주특별자치도, 63643, 대한민국"
46101771,20210814163000853,126.444928,33.252445,"천제연로, 대포동, 서귀포시, 제주특별자치도, 63540, 대한민국"
461017a5,20210814163000853,126.899849,33.475826,"일주동로, 오조리, 서귀포시, 제주특별자치도, 63639, 대한민국"
46101895,20210814163000853,126.365428,33.279702,"중산간서로, 상창리, 서귀포시, 제주특별자치도, 63537, 대한민국"
46100371,20210814163000869,126.502791,33.510624,"용해로, 용담이동, 제주시, 제주특별자치도, 63161, 대한민국"
46100590,20210814163000869,126.668484,33.445026,"에코랜드 테마파크, 남조로, 교래리, 제주시, 제주특별자치도, 63343, 대한민국"
4610070f,20210814163000869,126.8838,33.447132,"프로젝트비, 18-9, 중산간동로, 서귀포시, 제주특별자치도, 63641, 대한민국"
461010f0,20210814163000869,126.839507,33.333691,"표선동서로, 당포마을, 표선리, 서귀포시, 제주특별자치도, 63629, 대한민국"
461011b7,20210814163000869,126.492073,33.495955,"다호길, 도두이동, 제주시, 제주특별자치도, 63115, 대한민국"
461017a5,20210814163000869,126.899849,33.475826,"일주동로, 오조리, 서귀포시, 제주특별자치도, 63639, 대한민국"
46101895,20210814163000869,126.365428,33.279702,"중산간서로, 상창리, 서귀포시, 제주특별자치도, 63537, 대한민국"
461018ba,20210814163000869,126.714431,33.281233,"남한로21번길, 비안동, 남원리, 서귀포시, 제주특별자치도, 63621, 대한민국"
46100260,20210814163000884,126.530775,33.48823,"도남로, 도남동, 제주시, 제주특별자치도, 63205, 대한민국"
46100486,20210814163000884,126.351241,33.292305,"한창로, 상창리, 서귀포시, 제주특별자치도, 63522, 대한민국"
461005fa,20210814163000884,126.700584,33.272036,"태위로510번길, 서귀포시, 제주특별자치도, 63621, 대한민국"
46100757,20210814163000884,126.897028,33.48882,"일주동로, 종달리, 제주시, 제주특별자치도, 63639, 대한민국"
46101317,20210814163000884,126.467689,33.477986,"노형로, 노형동, 제주시, 제주특별자치도, 63103, 대한민국"
46101367,20210814163000884,126.415272,33.245386,"퍼시픽랜드공연장매표소, 154-17, 중문관광로, 서귀포시, 제주특별자치도, 63535, 대한민국"
461017bd,20210814163000884,126.420024,33.489658,"일주서로, 외도이동, 하귀1리, 제주시, 제주특별자치도, 63069, 대한민국"
46101957,20210814163000884,126.664545,33.542233,"제주동부경찰서 함덕파출소, 515, 신북로, 신흥리, 제주시, 제주특별자치도, 63333, 대한민국"
461005df,20210814163000900,126.564755,33.251396,"명가솥뚜껑, 36, 중앙로62번길, 서귀동, 서귀포시, 제주특별자치도, 63590, 대한민국"
4610113a,20210814163000900,126.581275,33.256079,"일주동로, 서귀포시, 제주특별자치도, 63588, 대한민국"
46101171,20210814163000900,126.520227,33.509115,"남성로, 용담일동, 제주시, 제주특별자치도, 63172, 대한민국"
46101171,20210814163000900,126.520227,33.509115,"남성로, 용담일동, 제주시, 제주특별자치도, 63172, 대한민국"
461011b5,20210814163000900,126.460015,33.503582,"백포어촌정주어항, 99, 서해안로, 이호이동, 현사마을, 제주시, 제주특별자치도, 63108, 대한민국"
461011fb,20210814163000900,126.487339,33.453702,"제주시, 제주특별자치도, 63142, 대한민국"
46101317,20210814163000900,126.467689,33.477986,"노형로, 노형동, 제주시, 제주특별자치도, 63103, 대한민국"
46101775,20210814163000900,126.483347,33.496582,"rainbow car rental, 제성1길, 도두이동, 제주시, 제주특별자치도, 63095, 대한민국"
46101864,20210814163000900,126.642019,33.527666,"조천우회로, 조천리, 제주시, 제주특별자치도, 63335, 대한민국"
46101864,20210814163000900,126.642019,33.527666,"조천우회로, 조천리, 제주시, 제주특별자치도, 63335, 대한민국"
461005da,20210814163000916,126.506565,33.500324,"서광로, 오라삼동, 제주시, 제주특별자치도, 63184, 대한민국"
4610062d,20210814163000916,126.366583,33.471009,"신엄시골밥집, 6690, 일주서로, 애월읍, 제주시, 제주특별자치도, 63044, 대한민국"
46101094,20210814163000916,126.564502,33.240977,"J커피숍, 44, 부두로, 서귀동, 서귀포시, 제주특별자치도, 63596, 대한민국"
4610113a,20210814163000916,126.581275,33.256079,"일주동로, 서귀포시, 제주특별자치도, 63588, 대한민국"
4610118c,20210814163000916,126.452887,33.25281,"일주서로, 서귀포시, 제주특별자치도, 63553, 대한민국"
4610124f,20210814163000916,126.348972,33.256658,"일주서로1567번길, 화순리, 감산리, 서귀포시, 제주특별자치도, 63530, 대한민국"
4610135d,20210814163000916,126.490294,33.250611,"강정동, 서귀포시, 제주특별자치도, 63561, 대한민국"
4610177a,20210814163000916,126.484166,33.488913,"남녕고등학교, 남녕로, 제주시, 제주특별자치도, 63081, 대한민국"
46100172,20210814163000931,126.296654,33.418388,"중산간서로, 한림읍, 제주시, 제주특별자치도, 63024, 대한민국"
461004cb,20210814163000931,126.465777,33.23118,"올레길 7코스(서귀포-월평 올레), 월평동, 서귀포시, 제주특별자치도, 63573, 대한민국"
461006ac,20210814163000931,126.547772,33.241542,"남성로, 서귀포시, 제주특별자치도, 63571, 대한민국"
461006bb,20210814163000931,126.503437,33.499517,"서광로, 오라삼동, 제주시, 제주특별자치도, 63184, 대한민국"
46100734,20210814163000931,126.410777,33.250334,"세븐일레븐 서귀포중문롯데점, 29-5, 중문관광로72번길, 서귀포시, 제주특별자치도, 63535, 대한민국"
46100734,20210814163000931,126.410777,33.250334,"세븐일레븐 서귀포중문롯데점, 29-5, 중문관광로72번길, 서귀포시, 제주특별자치도, 63535, 대한민국"
46100820,20210814163000931,126.320685,33.461696,"애원로, 애월리, 제주시, 제주특별자치도, 63043, 대한민국"
46101058,20210814163000931,180.0000001,90.0000001,
4610119d,20210814163000931,126.418658,33.245089,"중문관광로, 서귀포시, 제주특별자치도, 63535, 대한민국"
461011b4,20210814163000931,126.512657,33.504223,"한천로, 용담일동, 제주시, 제주특별자치도, 63184, 대한민국"
46101208,20210814163000931,126.381153,33.475904,"일주서로, 애월리, 제주시, 제주특별자치도, 63044, 대한민국"
4610127b,20210814163000931,126.632657,33.316241,"서성로, 서귀포시, 제주특별자치도, 63611, 대한민국"
461017a7,20210814163000931,126.573584,33.511901,"연삼로, 화북이동, 제주시, 제주특별자치도, 63303, 대한민국"
461017a7,20210814163000931,126.573584,33.511901,"연삼로, 화북이동, 제주시, 제주특별자치도, 63303, 대한민국"
4610180c,20210814163000931,126.466375,33.476244,"노형로, 제주시, 제주특별자치도, 63103, 대한민국"
46100214,20210814163000947,126.306749,33.451088,"일주서로, 곽지리, 제주시, 제주특별자치도, 63034, 대한민국"
461005da,20210814163000947,126.506565,33.500324,"서광로, 오라삼동, 제주시, 제주특별자치도, 63184, 대한민국"
461006dd,20210814163000947,126.496182,33.504426,"다호북길, 제주시, 제주특별자치도, 63115, 대한민국"
461006dd,20210814163000947,126.496182,33.504426,"다호북길, 제주시, 제주특별자치도, 63115, 대한민국"
4610106f,20210814163000947,180.0000001,90.0000001,
4610118a,20210814163000947,126.369567,33.268244,"한창로, 상창리, 서귀포시, 제주특별자치도, 63538, 대한민국"
461011d0,20210814163000947,126.3836,33.273217,"중산간서로, 서귀포시, 제주특별자치도, 63537, 대한민국"
461011fa,20210814163000947,126.502836,33.512488,"용해로, 용담이동, 제주시, 제주특별자치도, 63161, 대한민국"
4610121a,20210814163000947,126.241782,33.232375,"일주서로, 대정읍, 일과리, 서귀포시, 제주특별자치도, 63506, 대한민국"
46101821,20210814163000947,126.914909,33.447589,"고성리, 서귀포시, 제주특별자치도, 63640, 대한민국"
461018c1,20210814163000947,126.43401,33.493656,"외도초등학교, 일주서로, 외도이동, 제주시, 제주특별자치도, 63071, 대한민국"
461018dc,20210814163000947,126.532846,33.513389,"Oriental Medical Clinic, 58, 동문로, 건입동, 제주시, 제주특별자치도, 63278, 대한민국"
4610196a,20210814163000947,126.599548,33.52081,"일주동로, 삼양일동, 신촌리, 제주시, 제주특별자치도, 63337, 대한민국"
4610196a,20210814163000947,126.599548,33.52081,"일주동로, 삼양일동, 신촌리, 제주시, 제주특별자치도, 63337, 대한민국"
46100831,20210814163000963,126.29707,33.419063,"중산간서로, 제주시, 제주특별자치도, 63024, 대한민국"
46101135,20210814163000963,126.509819,33.508316,"제주용담2동우편취급국, 150, 용문로, 용담이동, 제주시, 제주특별자치도, 63161, 대한민국"
461011cd,20210814163000963,126.369631,33.375595,"평화로, 제주시, 제주특별자치도, 63038, 대한민국"
461011d0,20210814163000963,126.3836,33.273217,"중산간서로, 서귀포시, 제주특별자치도, 63537, 대한민국"
46101211,20210814163000963,126.518699,33.240391,"Jeju Olle 7, 법환동, 서귀포시, 제주특별자치도, 63573, 대한민국"
46101250,20210814163000963,180.0000001,90.0000001,
4610126f,20210814163000963,126.274772,33.357397,"중산간서로, 상명리, 제주시, 제주특별자치도, 63018, 대한민국"
46101285,20210814163000963,126.601531,33.521282,"일주동로, 삼양일동, 신촌리, 제주시, 제주특별자치도, 63337, 대한민국"
4610133c,20210814163000963,126.518419,33.508915,"남성로, 용담일동, 제주시, 제주특별자치도, 63172, 대한민국"
461001af,20210814163000978,126.426098,33.262237,"중산간서로, 중문동, 서귀포시, 제주특별자치도, 63551, 대한민국"
4610030b,20210814163000978,126.458056,33.465405,"애조로, 제주시, 제주특별자치도, 63103, 대한민국"
461003e4,20210814163000978,126.497804,33.497866,"서광로, 오라삼동, 제주시, 제주특별자치도, 63125, 대한민국"
46100575,20210814163000978,126.308864,33.452568,"일주서로, 곽지리, 제주시, 제주특별자치도, 63034, 대한민국"
46100593,20210814163000978,126.488574,33.463787,"애조로, 오라이동, 제주시, 제주특별자치도, 63147, 대한민국"
46100593,20210814163000978,126.488574,33.463787,"애조로, 오라이동, 제주시, 제주특별자치도, 63147, 대한민국"
461005e6,20210814163000978,180.0000001,90.0000001,
46101099,20210814163000978,126.640748,33.527659,"조천우회로, 조천리, 제주시, 제주특별자치도, 63335, 대한민국"
4610013d,20210814163000994,126.320417,33.461132,"일주서로, 애월리, 제주시, 제주특별자치도, 63043, 대한민국"
4610020a,20210814163000994,126.343751,33.396284,"아르떼뮤지엄 ARTE MUSEUM, 478, 금가로, 상가리, 제주시, 제주특별자치도, 63038, 대한민국"
46100450,20210814163000994,126.312436,33.462106,"애월로, 애월리, 제주시, 제주특별자치도, 63043, 대한민국"
46100596,20210814163000994,126.508658,33.497185,"오라로, 오라삼동, 제주시, 제주특별자치도, 63148, 대한민국"
461005e6,20210814163000994,180.0000001,90.0000001,
46101198,20210814163000994,180.0000001,90.0000001,
461011cd,20210814163000994,126.369631,33.375595,"평화로, 제주시, 제주특별자치도, 63038, 대한민국"
46101787,20210814163000994,126.485036,33.463636,"1100로, 제주시, 제주특별자치도, 63142, 대한민국"
46101804,20210814163000994,126.340159,33.463271,"고내리교차로, 일주서로, 고내리, 제주시, 제주특별자치도, 63044, 대한민국"
46101369,20210814163001119,126.346306,33.299388,"한창로, 동광리, 서귀포시, 제주특별자치도, 63522, 대한민국"
461012cf,20210814163001150,126.491065,33.234545,"이어도로, 법환동, 서귀포시, 제주특별자치도, 63573, 대한민국"
461002d5,20210814163001385,126.483304,33.474265,"1100로, 노형동, 제주시, 제주특별자치도, 63087, 대한민국"
461006da,20210814163001416,126.204467,33.367658,"일주서로, 판포리, 제주시, 제주특별자치도, 63002, 대한민국"
461002db,20210814163001431,126.35455,33.353973,"월각로, 제주시, 제주특별자치도, 63038, 대한민국"
46100283,20210814163001525,126.665243,33.469884,"번영로, 제주시, 제주특별자치도, 63343, 대한민국"
46101334,20210814163001525,126.59706,33.488981,"카페봄봄, 524, 번영로, 봉개동, 제주시, 제주특별자치도, 63327, 대한민국"
46100283,20210814163001541,126.665243,33.469884,"번영로, 제주시, 제주특별자치도, 63343, 대한민국"
46101334,20210814163001541,126.59706,33.488981,"카페봄봄, 524, 번영로, 봉개동, 제주시, 제주특별자치도, 63327, 대한민국"
461000ec,20210814163001556,126.492058,33.495888,"다호길, 도두이동, 제주시, 제주특별자치도, 63115, 대한민국"
461002e3,20210814163001807,126.802995,33.377242,"번영로, 하천리, 서귀포시, 제주특별자치도, 63635, 대한민국"
46100734,20210814163001947,126.410777,33.250334,"세븐일레븐 서귀포중문롯데점, 29-5, 중문관광로72번길, 서귀포시, 제주특별자치도, 63535, 대한민국"
46101369,20210814163002150,126.346385,33.299273,"한창로, 동광리, 서귀포시, 제주특별자치도, 63522, 대한민국"
461012cf,20210814163002182,126.490955,33.234537,"이어도로, 법환동, 서귀포시, 제주특별자치도, 63573, 대한민국"
461002d5,20210814163002400,126.483287,33.47427,"1100로, 노형동, 제주시, 제주특별자치도, 63087, 대한민국"
461002db,20210814163002432,126.354695,33.353908,"월각로, 제주시, 제주특별자치도, 63038, 대한민국"
461006da,20210814163002432,126.204591,33.367744,"일주서로, 판포리, 제주시, 제주특별자치도, 63002, 대한민국"
461002db,20210814163002447,126.354695,33.353908,"월각로, 제주시, 제주특별자치도, 63038, 대한민국"
